id,year,value
4,2000,0.83783
8,2000,0.88873
12,2000,0.91134
24,2000,0.92899
32,2000,0.84844
51,2000,0.83854
36,2000,0.87928
40,2000,0.89451
31,2000,0.91515
44,2000,0.72696
50,2000,0.82844
112,2000,0.94678
56,2000,0.98175
84,2000,0.79299
204,2000,0.90537
64,2000,0.8025
68,2000,0.88767
70,2000,0.89944
72,2000,0.97714
76,2000,0.91173
96,2000,0.8636
100,2000,0.93641
854,2000,0.98873
108,2000,0.89141
116,2000,0.83676
120,2000,0.83958
124,2000,0.96911
140,2000,0.93633
148,2000,0.92044
152,2000,0.83322
156,2000,0.8033
170,2000,0.76162
178,2000,0.9664
188,2000,0.84354
384,2000,0.90153
191,2000,0.89723
192,2000,0.6864
196,2000,0.99235
203,2000,0.96891
408,2000,0.93645
180,2000,0.88132
208,2000,0.97656
262,2000,0.85978
214,2000,0.76191
218,2000,0.77177
818,2000,0.96173
222,2000,0.83381
226,2000,0.80171
232,2000,0.942
233,2000,0.98691
748,2000,0.81294
231,2000,0.84958
238,2000,0.71199
242,2000,0.73566
246,2000,0.99107
250,2000,0.91633
260,2000,0.85922
266,2000,0.9536
270,2000,0.98
268,2000,0.90386
276,2000,0.98178
288,2000,0.83963
300,2000,0.83932
304,2000,0.94046
320,2000,0.74449
324,2000,0.892
624,2000,0.92009
328,2000,0.87848
332,2000,0.75572
340,2000,0.77376
348,2000,0.86359
352,2000,0.87229
356,2000,0.74843
360,2000,0.8401
364,2000,0.90354
368,2000,0.85375
372,2000,0.92006
376,2000,0.7255
380,2000,0.90416
388,2000,0.69841
392,2000,0.82744
400,2000,0.96709
398,2000,0.87845
404,2000,0.85652
414,2000,0.9134
417,2000,0.98809
418,2000,0.82222
428,2000,0.98913
422,2000,0.9324
426,2000,0.94205
430,2000,0.90019
434,2000,0.97018
440,2000,0.98885
442,2000,0.98349
450,2000,0.81944
454,2000,0.80645
458,2000,0.78599
466,2000,0.98421
478,2000,0.98039
484,2000,0.72266
496,2000,0.96258
499,2000,0.85526
504,2000,0.89975
508,2000,0.85325
104,2000,0.8545
516,2000,0.97112
524,2000,0.83529
528,2000,0.96841
540,2000,0.69846
554,2000,0.71417
558,2000,0.84821
562,2000,0.95275
566,2000,0.85402
807,2000,0.96977
578,2000,0.95706
512,2000,0.93668
586,2000,0.93749
591,2000,0.75014
598,2000,0.8996
600,2000,0.95586
604,2000,0.73445
608,2000,0.75156
616,2000,0.95042
620,2000,0.87418
630,2000,0.72975
634,2000,0.90198
410,2000,0.76303
498,2000,0.94138
642,2000,0.86392
643,2000,0.95699
646,2000,0.88335
682,2000,0.95176
686,2000,0.95078
688,2000,0.95015
694,2000,0.92809
703,2000,0.95156
705,2000,0.93126
90,2000,0.82284
706,2000,0.95605
710,2000,0.82109
728,2000,0.93455
724,2000,0.84927
144,2000,0.63879
275,2000,0.89932
729,2000,0.96948
740,2000,0.99077
752,2000,0.99314
756,2000,0.97274
760,2000,0.93987
762,2000,0.98817
764,2000,0.83469
626,2000,0.9181
768,2000,0.8561
780,2000,0.83349
788,2000,0.97117
792,2000,0.88847
795,2000,0.98124
800,2000,0.81081
804,2000,0.93222
784,2000,0.90681
826,2000,0.96505
834,2000,0.77152
840,2000,0.84881
858,2000,0.86299
860,2000,0.98013
548,2000,0.73001
862,2000,0.84937
704,2000,0.79338
732,2000,0.93236
887,2000,0.89299
894,2000,0.87633
716,2000,0.79987
4,2001,0.83745
8,2001,0.8864
12,2001,0.91107
24,2001,0.92884
32,2001,0.84829
51,2001,0.83834
36,2001,0.87677
40,2001,0.89448
31,2001,0.91475
44,2001,0.72602
50,2001,0.82443
112,2001,0.94798
56,2001,0.98167
84,2001,0.79211
204,2001,0.90514
64,2001,0.80205
68,2001,0.88732
70,2001,0.89929
72,2001,0.97713
76,2001,0.91139
96,2001,0.8624
100,2001,0.93613
854,2001,0.98861
108,2001,0.8914
116,2001,0.83442
120,2001,0.83946
124,2001,0.96887
140,2001,0.93625
148,2001,0.92011
152,2001,0.8292
156,2001,0.79986
170,2001,0.76049
178,2001,0.96627
188,2001,0.84188
384,2001,0.90154
191,2001,0.89692
192,2001,0.68524
196,2001,0.99236
203,2001,0.96891
408,2001,0.93525
180,2001,0.88132
208,2001,0.97618
262,2001,0.8567
214,2001,0.76071
218,2001,0.7674
818,2001,0.95883
222,2001,0.83263
226,2001,0.80153
232,2001,0.93988
233,2001,0.98682
748,2001,0.81292
231,2001,0.84954
238,2001,0.712
242,2001,0.73324
246,2001,0.99104
250,2001,0.91145
260,2001,0.85521
266,2001,0.95353
270,2001,0.97997
268,2001,0.90365
276,2001,0.98167
288,2001,0.83978
300,2001,0.8394
304,2001,0.93923
320,2001,0.74285
324,2001,0.89213
624,2001,0.92003
328,2001,0.8784
332,2001,0.75397
340,2001,0.7725
348,2001,0.86344
352,2001,0.87213
356,2001,0.74438
360,2001,0.83682
364,2001,0.90034
368,2001,0.84951
372,2001,0.9192
376,2001,0.725
380,2001,0.90364
388,2001,0.69706
392,2001,0.82488
400,2001,0.96662
398,2001,0.8776
404,2001,0.85368
414,2001,0.90777
417,2001,0.98775
418,2001,0.82168
428,2001,0.98909
422,2001,0.93219
426,2001,0.94203
430,2001,0.90034
434,2001,0.96981
440,2001,0.98881
442,2001,0.9835
450,2001,0.81585
454,2001,0.80641
458,2001,0.78128
466,2001,0.98395
478,2001,0.98013
484,2001,0.7205
496,2001,0.96226
499,2001,0.85153
504,2001,0.89877
508,2001,0.84993
104,2001,0.8509
516,2001,0.97101
524,2001,0.83518
528,2001,0.96636
540,2001,0.69573
554,2001,0.70923
558,2001,0.84661
562,2001,0.95177
566,2001,0.85399
807,2001,0.96961
578,2001,0.95653
512,2001,0.93314
586,2001,0.93316
591,2001,0.74864
598,2001,0.89617
600,2001,0.95558
604,2001,0.73437
608,2001,0.74717
616,2001,0.95144
620,2001,0.87324
630,2001,0.72739
634,2001,0.89909
410,2001,0.75869
498,2001,0.94137
642,2001,0.86384
643,2001,0.95662
646,2001,0.88335
682,2001,0.95001
686,2001,0.95004
688,2001,0.94966
694,2001,0.92816
703,2001,0.95147
705,2001,0.93099
90,2001,0.81914
706,2001,0.95282
710,2001,0.8181
728,2001,0.93421
724,2001,0.84911
144,2001,0.63604
275,2001,0.89865
729,2001,0.96788
740,2001,0.99071
752,2001,0.99311
756,2001,0.97268
760,2001,0.93929
762,2001,0.98783
764,2001,0.83263
626,2001,0.91392
768,2001,0.85585
780,2001,0.83207
788,2001,0.97052
792,2001,0.88798
795,2001,0.98079
800,2001,0.80754
804,2001,0.93224
784,2001,0.90419
826,2001,0.96446
834,2001,0.76792
840,2001,0.84778
858,2001,0.86266
860,2001,0.9793
548,2001,0.72717
862,2001,0.84784
704,2001,0.78934
732,2001,0.93214
887,2001,0.89024
894,2001,0.87629
716,2001,0.7995
4,2002,0.83706
8,2002,0.88356
12,2002,0.91084
24,2002,0.92876
32,2002,0.84791
51,2002,0.83822
36,2002,0.8735
40,2002,0.89447
31,2002,0.91459
44,2002,0.72469
50,2002,0.82109
112,2002,0.94914
56,2002,0.9817
84,2002,0.79081
204,2002,0.90501
64,2002,0.80191
68,2002,0.88706
70,2002,0.8992
72,2002,0.97708
76,2002,0.91097
96,2002,0.86145
100,2002,0.93587
854,2002,0.98852
108,2002,0.8914
116,2002,0.83151
120,2002,0.83936
124,2002,0.9686
140,2002,0.93616
148,2002,0.91979
152,2002,0.82648
156,2002,0.79648
170,2002,0.75918
178,2002,0.96624
188,2002,0.84044
384,2002,0.90156
191,2002,0.89659
192,2002,0.68371
196,2002,0.99252
203,2002,0.9689
408,2002,0.93409
180,2002,0.88126
208,2002,0.97579
262,2002,0.85425
214,2002,0.75889
218,2002,0.76301
818,2002,0.95637
222,2002,0.83124
226,2002,0.80139
232,2002,0.93649
233,2002,0.98673
748,2002,0.81291
231,2002,0.84968
238,2002,0.71186
242,2002,0.73148
246,2002,0.991
250,2002,0.90872
260,2002,0.85338
266,2002,0.95337
270,2002,0.97996
268,2002,0.90345
276,2002,0.98159
288,2002,0.8397
300,2002,0.83955
304,2002,0.93811
320,2002,0.74147
324,2002,0.89229
624,2002,0.91994
328,2002,0.87843
332,2002,0.75198
340,2002,0.77075
348,2002,0.86331
352,2002,0.8718
356,2002,0.7401
360,2002,0.83271
364,2002,0.89629
368,2002,0.8451
372,2002,0.91868
376,2002,0.72455
380,2002,0.90322
388,2002,0.69517
392,2002,0.8214
400,2002,0.96631
398,2002,0.87696
404,2002,0.85046
414,2002,0.90202
417,2002,0.98727
418,2002,0.8212
428,2002,0.98904
422,2002,0.93205
426,2002,0.942
430,2002,0.90035
434,2002,0.96918
440,2002,0.98877
442,2002,0.98349
450,2002,0.81156
454,2002,0.80635
458,2002,0.77811
466,2002,0.98369
478,2002,0.97982
484,2002,0.71817
496,2002,0.96192
499,2002,0.84967
504,2002,0.89787
508,2002,0.84735
104,2002,0.8483
516,2002,0.9709
524,2002,0.83511
528,2002,0.96471
540,2002,0.69186
554,2002,0.70515
558,2002,0.84551
562,2002,0.9507
566,2002,0.85396
807,2002,0.96944
578,2002,0.95604
512,2002,0.93151
586,2002,0.92901
591,2002,0.74732
598,2002,0.89209
600,2002,0.9555
604,2002,0.73428
608,2002,0.74316
616,2002,0.95247
620,2002,0.87239
630,2002,0.72459
634,2002,0.89512
410,2002,0.75472
498,2002,0.9414
642,2002,0.86377
643,2002,0.95627
646,2002,0.88339
682,2002,0.94755
686,2002,0.94977
688,2002,0.94922
694,2002,0.92831
703,2002,0.9513
705,2002,0.93078
90,2002,0.81721
706,2002,0.94994
710,2002,0.81624
728,2002,0.9338
724,2002,0.8489
144,2002,0.63216
275,2002,0.89799
729,2002,0.96506
740,2002,0.99063
752,2002,0.99308
756,2002,0.97265
760,2002,0.93917
762,2002,0.98752
764,2002,0.82874
626,2002,0.9106
768,2002,0.8557
780,2002,0.83063
788,2002,0.9704
792,2002,0.88749
795,2002,0.98026
800,2002,0.80519
804,2002,0.93222
784,2002,0.90187
826,2002,0.96379
834,2002,0.76326
840,2002,0.84643
858,2002,0.86209
860,2002,0.97865
548,2002,0.72394
862,2002,0.84685
704,2002,0.78591
732,2002,0.93128
887,2002,0.88757
894,2002,0.87634
716,2002,0.79916
4,2003,0.83689
8,2003,0.8809
12,2003,0.91049
24,2003,0.9287
32,2003,0.84753
51,2003,0.83784
36,2003,0.87092
40,2003,0.89447
31,2003,0.91398
44,2003,0.72369
50,2003,0.81682
112,2003,0.95039
56,2003,0.98178
84,2003,0.78981
204,2003,0.90489
64,2003,0.80172
68,2003,0.88666
70,2003,0.8992
72,2003,0.97706
76,2003,0.91034
96,2003,0.861
100,2003,0.9356
854,2003,0.98842
108,2003,0.8914
116,2003,0.82901
120,2003,0.83932
124,2003,0.96836
140,2003,0.93615
148,2003,0.91942
152,2003,0.8226
156,2003,0.79307
170,2003,0.75786
178,2003,0.96612
188,2003,0.83891
384,2003,0.90164
191,2003,0.89625
192,2003,0.68285
196,2003,0.99269
203,2003,0.96896
408,2003,0.93321
180,2003,0.88112
208,2003,0.97561
262,2003,0.85151
214,2003,0.75769
218,2003,0.7581
818,2003,0.95359
222,2003,0.82976
226,2003,0.80128
232,2003,0.93433
233,2003,0.98664
748,2003,0.81289
231,2003,0.84951
238,2003,0.71277
242,2003,0.72933
246,2003,0.99097
250,2003,0.90431
260,2003,0.85021
266,2003,0.95323
270,2003,0.97995
268,2003,0.90313
276,2003,0.98153
288,2003,0.83979
300,2003,0.84033
304,2003,0.93661
320,2003,0.74045
324,2003,0.8924
624,2003,0.91985
328,2003,0.8784
332,2003,0.75028
340,2003,0.76913
348,2003,0.86331
352,2003,0.87186
356,2003,0.73742
360,2003,0.82785
364,2003,0.89361
368,2003,0.84116
372,2003,0.91824
376,2003,0.72445
380,2003,0.90284
388,2003,0.69339
392,2003,0.81902
400,2003,0.96623
398,2003,0.87616
404,2003,0.84775
414,2003,0.8962
417,2003,0.98685
418,2003,0.82091
428,2003,0.989
422,2003,0.93194
426,2003,0.94197
430,2003,0.90048
434,2003,0.96899
440,2003,0.98873
442,2003,0.98361
450,2003,0.80855
454,2003,0.80654
458,2003,0.7736
466,2003,0.98335
478,2003,0.97951
484,2003,0.71577
496,2003,0.96161
499,2003,0.84708
504,2003,0.89707
508,2003,0.84442
104,2003,0.84561
516,2003,0.97078
524,2003,0.83502
528,2003,0.96305
540,2003,0.68884
554,2003,0.70068
558,2003,0.84401
562,2003,0.94971
566,2003,0.85393
807,2003,0.96928
578,2003,0.95561
512,2003,0.92777
586,2003,0.92447
591,2003,0.74645
598,2003,0.88951
600,2003,0.95537
604,2003,0.73414
608,2003,0.73923
616,2003,0.95354
620,2003,0.87147
630,2003,0.72178
634,2003,0.8907
410,2003,0.75162
498,2003,0.94141
642,2003,0.86377
643,2003,0.95591
646,2003,0.88337
682,2003,0.9442
686,2003,0.94903
688,2003,0.94924
694,2003,0.92849
703,2003,0.95129
705,2003,0.93059
90,2003,0.81345
706,2003,0.947
710,2003,0.81316
728,2003,0.93348
724,2003,0.84871
144,2003,0.62888
275,2003,0.89737
729,2003,0.96243
740,2003,0.99058
752,2003,0.99306
756,2003,0.97263
760,2003,0.93876
762,2003,0.98753
764,2003,0.82582
626,2003,0.90698
768,2003,0.85569
780,2003,0.8291
788,2003,0.97025
792,2003,0.88698
795,2003,0.97973
800,2003,0.8037
804,2003,0.93227
784,2003,0.89851
826,2003,0.96339
834,2003,0.76017
840,2003,0.84582
858,2003,0.86168
860,2003,0.97771
548,2003,0.72075
862,2003,0.84543
704,2003,0.78236
732,2003,0.93145
887,2003,0.88472
894,2003,0.87636
716,2003,0.79879
4,2004,0.83673
8,2004,0.87826
12,2004,0.91038
24,2004,0.9287
32,2004,0.84719
51,2004,0.83621
36,2004,0.86767
40,2004,0.89448
31,2004,0.91349
44,2004,0.72262
50,2004,0.81235
112,2004,0.95159
56,2004,0.98181
84,2004,0.78886
204,2004,0.90489
64,2004,0.80151
68,2004,0.8863
70,2004,0.89917
72,2004,0.97703
76,2004,0.90969
96,2004,0.86029
100,2004,0.93559
854,2004,0.98829
108,2004,0.89139
116,2004,0.82698
120,2004,0.83932
124,2004,0.96812
140,2004,0.93613
148,2004,0.91907
152,2004,0.81879
156,2004,0.78946
170,2004,0.75672
178,2004,0.9661
188,2004,0.8372
384,2004,0.90168
191,2004,0.89614
192,2004,0.68178
196,2004,0.99284
203,2004,0.96901
408,2004,0.93268
180,2004,0.88115
208,2004,0.97561
262,2004,0.84896
214,2004,0.75576
218,2004,0.75363
818,2004,0.95159
222,2004,0.82854
226,2004,0.80118
232,2004,0.93141
233,2004,0.98655
748,2004,0.81287
231,2004,0.84961
238,2004,0.71399
242,2004,0.72788
246,2004,0.99093
250,2004,0.90065
260,2004,0.84867
266,2004,0.95312
270,2004,0.97994
268,2004,0.90215
276,2004,0.98149
288,2004,0.83976
300,2004,0.84096
304,2004,0.93503
320,2004,0.73902
324,2004,0.89258
624,2004,0.91977
328,2004,0.87835
332,2004,0.74827
340,2004,0.7677
348,2004,0.86338
352,2004,0.87158
356,2004,0.73335
360,2004,0.82374
364,2004,0.88998
368,2004,0.83775
372,2004,0.91773
376,2004,0.72419
380,2004,0.90252
388,2004,0.69157
392,2004,0.81606
400,2004,0.96614
398,2004,0.87557
404,2004,0.84419
414,2004,0.89107
417,2004,0.98662
418,2004,0.82058
428,2004,0.98896
422,2004,0.93189
426,2004,0.94195
430,2004,0.90055
434,2004,0.96865
440,2004,0.98868
442,2004,0.98361
450,2004,0.80483
454,2004,0.80657
458,2004,0.77059
466,2004,0.9831
478,2004,0.97916
484,2004,0.71374
496,2004,0.9613
499,2004,0.84452
504,2004,0.89632
508,2004,0.84148
104,2004,0.84234
516,2004,0.97067
524,2004,0.83484
528,2004,0.96159
540,2004,0.68617
554,2004,0.69687
558,2004,0.84272
562,2004,0.94886
566,2004,0.85381
807,2004,0.96927
578,2004,0.95524
512,2004,0.9252
586,2004,0.92128
591,2004,0.74564
598,2004,0.88548
600,2004,0.95535
604,2004,0.73413
608,2004,0.73519
616,2004,0.95451
620,2004,0.87067
630,2004,0.71978
634,2004,0.88635
410,2004,0.74878
498,2004,0.94162
642,2004,0.86377
643,2004,0.95558
646,2004,0.8834
682,2004,0.94167
686,2004,0.94839
688,2004,0.94944
694,2004,0.92859
703,2004,0.95129
705,2004,0.93047
90,2004,0.81001
706,2004,0.94407
710,2004,0.81071
728,2004,0.93322
724,2004,0.84859
144,2004,0.62554
275,2004,0.89733
729,2004,0.96052
740,2004,0.99054
752,2004,0.99304
756,2004,0.97262
760,2004,0.93874
762,2004,0.98714
764,2004,0.82306
626,2004,0.90413
768,2004,0.85586
780,2004,0.82763
788,2004,0.97019
792,2004,0.88661
795,2004,0.97938
800,2004,0.79926
804,2004,0.93249
784,2004,0.89642
826,2004,0.96319
834,2004,0.75564
840,2004,0.84481
858,2004,0.8612
860,2004,0.97713
548,2004,0.71747
862,2004,0.84415
704,2004,0.77804
732,2004,0.93355
887,2004,0.882
894,2004,0.87634
716,2004,0.79845
4,2005,0.8366
8,2005,0.87681
12,2005,0.91024
24,2005,0.9287
32,2005,0.84662
51,2005,0.83386
36,2005,0.86442
40,2005,0.89449
31,2005,0.91294
44,2005,0.72151
50,2005,0.80863
112,2005,0.95284
56,2005,0.98191
84,2005,0.78781
204,2005,0.90517
64,2005,0.80141
68,2005,0.886
70,2005,0.89919
72,2005,0.97689
76,2005,0.90936
96,2005,0.8599
100,2005,0.93557
854,2005,0.98817
108,2005,0.89138
116,2005,0.8244
120,2005,0.83927
124,2005,0.9678
140,2005,0.93614
148,2005,0.91862
152,2005,0.81595
156,2005,0.78643
170,2005,0.7556
178,2005,0.96612
188,2005,0.83538
384,2005,0.9017
191,2005,0.89603
192,2005,0.68043
196,2005,0.99286
203,2005,0.9691
408,2005,0.93223
180,2005,0.88118
208,2005,0.97551
262,2005,0.84671
214,2005,0.75431
218,2005,0.74818
818,2005,0.94908
222,2005,0.82724
226,2005,0.80107
232,2005,0.92901
233,2005,0.98647
748,2005,0.81283
231,2005,0.84968
238,2005,0.71644
242,2005,0.72586
246,2005,0.99083
250,2005,0.89625
260,2005,0.84647
266,2005,0.95323
270,2005,0.97993
268,2005,0.89949
276,2005,0.98148
288,2005,0.8399
300,2005,0.84154
304,2005,0.93332
320,2005,0.73773
324,2005,0.89252
624,2005,0.91966
328,2005,0.8783
332,2005,0.74626
340,2005,0.76615
348,2005,0.86345
352,2005,0.87208
356,2005,0.72901
360,2005,0.82028
364,2005,0.88663
368,2005,0.83421
372,2005,0.91789
376,2005,0.72403
380,2005,0.90239
388,2005,0.69022
392,2005,0.81254
400,2005,0.96605
398,2005,0.87507
404,2005,0.8415
414,2005,0.88731
417,2005,0.98632
418,2005,0.82024
428,2005,0.98891
422,2005,0.93184
426,2005,0.94192
430,2005,0.90062
434,2005,0.96874
440,2005,0.98868
442,2005,0.98367
450,2005,0.80152
454,2005,0.80665
458,2005,0.76711
466,2005,0.98273
478,2005,0.97891
484,2005,0.7113
496,2005,0.96102
499,2005,0.84215
504,2005,0.89549
508,2005,0.83807
104,2005,0.83957
516,2005,0.97058
524,2005,0.83487
528,2005,0.95983
540,2005,0.68328
554,2005,0.69183
558,2005,0.84153
562,2005,0.94753
566,2005,0.85375
807,2005,0.96927
578,2005,0.95493
512,2005,0.9227
586,2005,0.9159
591,2005,0.74447
598,2005,0.88287
600,2005,0.9552
604,2005,0.73399
608,2005,0.73243
616,2005,0.95559
620,2005,0.87002
630,2005,0.71724
634,2005,0.88263
410,2005,0.74492
498,2005,0.94164
642,2005,0.86381
643,2005,0.95515
646,2005,0.8834
682,2005,0.93959
686,2005,0.94764
688,2005,0.95018
694,2005,0.92878
703,2005,0.95134
705,2005,0.9304
90,2005,0.80751
706,2005,0.94149
710,2005,0.80806
728,2005,0.93302
724,2005,0.84853
144,2005,0.62148
275,2005,0.89729
729,2005,0.95819
740,2005,0.9905
752,2005,0.993
756,2005,0.97261
760,2005,0.93918
762,2005,0.98721
764,2005,0.82033
626,2005,0.89988
768,2005,0.85607
780,2005,0.82624
788,2005,0.9702
792,2005,0.88625
795,2005,0.97919
800,2005,0.79685
804,2005,0.93271
784,2005,0.89283
826,2005,0.963
834,2005,0.75198
840,2005,0.844
858,2005,0.86084
860,2005,0.9767
548,2005,0.71437
862,2005,0.84298
704,2005,0.77493
732,2005,0.93557
887,2005,0.87915
894,2005,0.87634
716,2005,0.7981
4,2006,0.83655
8,2006,0.87473
12,2006,0.91023
24,2006,0.92869
32,2006,0.84641
51,2006,0.8315
36,2006,0.86118
40,2006,0.89453
31,2006,0.91253
44,2006,0.72064
50,2006,0.80415
112,2006,0.95408
56,2006,0.982
84,2006,0.78631
204,2006,0.90534
64,2006,0.80153
68,2006,0.88558
70,2006,0.8992
72,2006,0.97685
76,2006,0.90875
96,2006,0.85929
100,2006,0.93556
854,2006,0.98804
108,2006,0.89139
116,2006,0.82178
120,2006,0.8392
124,2006,0.96746
140,2006,0.93618
148,2006,0.91822
152,2006,0.81254
156,2006,0.78317
170,2006,0.75456
178,2006,0.96622
188,2006,0.83453
384,2006,0.9018
191,2006,0.89598
192,2006,0.67921
196,2006,0.99288
203,2006,0.96921
408,2006,0.93212
180,2006,0.88108
208,2006,0.97554
262,2006,0.84385
214,2006,0.75254
218,2006,0.74381
818,2006,0.94631
222,2006,0.8259
226,2006,0.80099
232,2006,0.92601
233,2006,0.9864
748,2006,0.81281
231,2006,0.84957
238,2006,0.7202
242,2006,0.72415
246,2006,0.99073
250,2006,0.89114
260,2006,0.84349
266,2006,0.95324
270,2006,0.97987
268,2006,0.89573
276,2006,0.98151
288,2006,0.83991
300,2006,0.84196
304,2006,0.93221
320,2006,0.73653
324,2006,0.8927
624,2006,0.91958
328,2006,0.87837
332,2006,0.74435
340,2006,0.76477
348,2006,0.86351
352,2006,0.87432
356,2006,0.72553
360,2006,0.8159
364,2006,0.88322
368,2006,0.83175
372,2006,0.91777
376,2006,0.72402
380,2006,0.90205
388,2006,0.68868
392,2006,0.80952
400,2006,0.96598
398,2006,0.87475
404,2006,0.83803
414,2006,0.88313
417,2006,0.98604
418,2006,0.81997
428,2006,0.98887
422,2006,0.93179
426,2006,0.9419
430,2006,0.90074
434,2006,0.9687
440,2006,0.98867
442,2006,0.98373
450,2006,0.79792
454,2006,0.80667
458,2006,0.76229
466,2006,0.9824
478,2006,0.9786
484,2006,0.70918
496,2006,0.96072
499,2006,0.84034
504,2006,0.89496
508,2006,0.83539
104,2006,0.83675
516,2006,0.97053
524,2006,0.83461
528,2006,0.95854
540,2006,0.68039
554,2006,0.68774
558,2006,0.84026
562,2006,0.94658
566,2006,0.85362
807,2006,0.96926
578,2006,0.95462
512,2006,0.92092
586,2006,0.91161
591,2006,0.74333
598,2006,0.87944
600,2006,0.9552
604,2006,0.73396
608,2006,0.72786
616,2006,0.95664
620,2006,0.86935
630,2006,0.71495
634,2006,0.87788
410,2006,0.74177
498,2006,0.94187
642,2006,0.86385
643,2006,0.95479
646,2006,0.8834
682,2006,0.93658
686,2006,0.94701
688,2006,0.95103
694,2006,0.92891
703,2006,0.95134
705,2006,0.93026
90,2006,0.80362
706,2006,0.93894
710,2006,0.8059
728,2006,0.93289
724,2006,0.84847
144,2006,0.61858
275,2006,0.89727
729,2006,0.95549
740,2006,0.99041
752,2006,0.99293
756,2006,0.97261
760,2006,0.93959
762,2006,0.987
764,2006,0.81726
626,2006,0.89715
768,2006,0.85618
780,2006,0.82472
788,2006,0.97019
792,2006,0.88577
795,2006,0.97905
800,2006,0.79335
804,2006,0.93292
784,2006,0.89064
826,2006,0.96292
834,2006,0.74834
840,2006,0.84278
858,2006,0.86052
860,2006,0.97633
548,2006,0.7115
862,2006,0.84163
704,2006,0.77152
732,2006,0.93712
887,2006,0.87711
894,2006,0.87632
716,2006,0.79781
4,2007,0.83658
8,2007,0.872
12,2007,0.91024
24,2007,0.92868
32,2007,0.84605
51,2007,0.82988
36,2007,0.85829
40,2007,0.89456
31,2007,0.91195
44,2007,0.71952
50,2007,0.80044
112,2007,0.95533
56,2007,0.98214
84,2007,0.78563
204,2007,0.90549
64,2007,0.80151
68,2007,0.88526
70,2007,0.89927
72,2007,0.97673
76,2007,0.90816
96,2007,0.85875
100,2007,0.93556
854,2007,0.98788
108,2007,0.89137
116,2007,0.81943
120,2007,0.8393
124,2007,0.96713
140,2007,0.93625
148,2007,0.91788
152,2007,0.80941
156,2007,0.77956
170,2007,0.75326
178,2007,0.96617
188,2007,0.83308
384,2007,0.90176
191,2007,0.89595
192,2007,0.67798
196,2007,0.99288
203,2007,0.96932
408,2007,0.93127
180,2007,0.88105
208,2007,0.97552
262,2007,0.84199
214,2007,0.75125
218,2007,0.73878
818,2007,0.94377
222,2007,0.82453
226,2007,0.80087
232,2007,0.92396
233,2007,0.98633
748,2007,0.81278
231,2007,0.8496
238,2007,0.72382
242,2007,0.72194
246,2007,0.99063
250,2007,0.88629
260,2007,0.84179
266,2007,0.95314
270,2007,0.97983
268,2007,0.8919
276,2007,0.98153
288,2007,0.84006
300,2007,0.84214
304,2007,0.93035
320,2007,0.73554
324,2007,0.89266
624,2007,0.91949
328,2007,0.87817
332,2007,0.74238
340,2007,0.76309
348,2007,0.86358
352,2007,0.87555
356,2007,0.7225
360,2007,0.81254
364,2007,0.87997
368,2007,0.82896
372,2007,0.91805
376,2007,0.72404
380,2007,0.90179
388,2007,0.6867
392,2007,0.80712
400,2007,0.96594
398,2007,0.87437
404,2007,0.83559
414,2007,0.8803
417,2007,0.98582
418,2007,0.81967
428,2007,0.98883
422,2007,0.93176
426,2007,0.94186
430,2007,0.90075
434,2007,0.96868
440,2007,0.98867
442,2007,0.98378
450,2007,0.79343
454,2007,0.80701
458,2007,0.75851
466,2007,0.98212
478,2007,0.9784
484,2007,0.7072
496,2007,0.96045
499,2007,0.83744
504,2007,0.89417
508,2007,0.83214
104,2007,0.83375
516,2007,0.97046
524,2007,0.83468
528,2007,0.95742
540,2007,0.67737
554,2007,0.68331
558,2007,0.83896
562,2007,0.94557
566,2007,0.85362
807,2007,0.96926
578,2007,0.95445
512,2007,0.91742
586,2007,0.90923
591,2007,0.74221
598,2007,0.87645
600,2007,0.95513
604,2007,0.73383
608,2007,0.72447
616,2007,0.9577
620,2007,0.86877
630,2007,0.71219
634,2007,0.8742
410,2007,0.73728
498,2007,0.94211
642,2007,0.86389
643,2007,0.95436
646,2007,0.88339
682,2007,0.93448
686,2007,0.94618
688,2007,0.95107
694,2007,0.92901
703,2007,0.95141
705,2007,0.93008
90,2007,0.80052
706,2007,0.93576
710,2007,0.80333
728,2007,0.93266
724,2007,0.8485
144,2007,0.61507
275,2007,0.89727
729,2007,0.95305
740,2007,0.99018
752,2007,0.99288
756,2007,0.97261
760,2007,0.94005
762,2007,0.98714
764,2007,0.81435
626,2007,0.89427
768,2007,0.85681
780,2007,0.82359
788,2007,0.97077
792,2007,0.88533
795,2007,0.97889
800,2007,0.79079
804,2007,0.93314
784,2007,0.88817
826,2007,0.96303
834,2007,0.74397
840,2007,0.8419
858,2007,0.86038
860,2007,0.97613
548,2007,0.70851
862,2007,0.84044
704,2007,0.76743
732,2007,0.93722
887,2007,0.87432
894,2007,0.87633
716,2007,0.79732
4,2008,0.83665
8,2008,0.8693
12,2008,0.91012
24,2008,0.92875
32,2008,0.84583
51,2008,0.82913
36,2008,0.85548
40,2008,0.89459
31,2008,0.91171
44,2008,0.71837
50,2008,0.79641
112,2008,0.95664
56,2008,0.98222
84,2008,0.78427
204,2008,0.90558
64,2008,0.80153
68,2008,0.88495
70,2008,0.89931
72,2008,0.97667
76,2008,0.90746
96,2008,0.85862
100,2008,0.93555
854,2008,0.98766
108,2008,0.89134
116,2008,0.81683
120,2008,0.83916
124,2008,0.96685
140,2008,0.93633
148,2008,0.91747
152,2008,0.80547
156,2008,0.77635
170,2008,0.75198
178,2008,0.96619
188,2008,0.83215
384,2008,0.90181
191,2008,0.89591
192,2008,0.67692
196,2008,0.99289
203,2008,0.96942
408,2008,0.9315
180,2008,0.88101
208,2008,0.97557
262,2008,0.83961
214,2008,0.74991
218,2008,0.73427
818,2008,0.94107
222,2008,0.82315
226,2008,0.80073
232,2008,0.92116
233,2008,0.98626
748,2008,0.81274
231,2008,0.8495
238,2008,0.72616
242,2008,0.72038
246,2008,0.99052
250,2008,0.88276
260,2008,0.8396
266,2008,0.95322
270,2008,0.97977
268,2008,0.8891
276,2008,0.98157
288,2008,0.84005
300,2008,0.84235
304,2008,0.92959
320,2008,0.73403
324,2008,0.8927
624,2008,0.91936
328,2008,0.87801
332,2008,0.74053
340,2008,0.76166
348,2008,0.86371
352,2008,0.877
356,2008,0.71778
360,2008,0.80876
364,2008,0.87703
368,2008,0.82704
372,2008,0.91839
376,2008,0.72422
380,2008,0.90152
388,2008,0.68518
392,2008,0.80468
400,2008,0.96589
398,2008,0.87395
404,2008,0.83204
414,2008,0.87742
417,2008,0.98574
418,2008,0.81939
428,2008,0.98882
422,2008,0.93173
426,2008,0.94183
430,2008,0.90082
434,2008,0.96868
440,2008,0.98867
442,2008,0.98383
450,2008,0.79097
454,2008,0.80719
458,2008,0.75581
466,2008,0.98173
478,2008,0.97821
484,2008,0.70484
496,2008,0.96019
499,2008,0.83456
504,2008,0.89359
508,2008,0.82995
104,2008,0.83152
516,2008,0.97038
524,2008,0.83454
528,2008,0.95583
540,2008,0.67465
554,2008,0.67934
558,2008,0.8376
562,2008,0.94461
566,2008,0.85343
807,2008,0.96926
578,2008,0.95435
512,2008,0.91543
586,2008,0.90518
591,2008,0.7414
598,2008,0.87291
600,2008,0.95499
604,2008,0.73337
608,2008,0.72101
616,2008,0.95878
620,2008,0.86851
630,2008,0.70974
634,2008,0.87038
410,2008,0.73456
498,2008,0.94235
642,2008,0.86397
643,2008,0.95411
646,2008,0.88339
682,2008,0.93198
686,2008,0.94552
688,2008,0.95113
694,2008,0.92902
703,2008,0.95152
705,2008,0.92994
90,2008,0.79739
706,2008,0.93299
710,2008,0.80081
728,2008,0.93235
724,2008,0.84847
144,2008,0.61215
275,2008,0.89725
729,2008,0.95099
740,2008,0.98974
752,2008,0.99283
756,2008,0.97261
760,2008,0.94142
762,2008,0.98765
764,2008,0.81137
626,2008,0.89117
768,2008,0.85706
780,2008,0.82241
788,2008,0.97112
792,2008,0.88505
795,2008,0.97882
800,2008,0.78762
804,2008,0.93345
784,2008,0.88479
826,2008,0.96322
834,2008,0.74068
840,2008,0.84097
858,2008,0.85976
860,2008,0.97591
548,2008,0.70545
862,2008,0.83884
704,2008,0.76356
732,2008,0.93743
887,2008,0.87167
894,2008,0.87625
716,2008,0.7969
4,2009,0.83669
8,2009,0.86684
12,2009,0.91029
24,2009,0.92873
32,2009,0.84565
51,2009,0.8291
36,2009,0.85243
40,2009,0.89461
31,2009,0.91117
44,2009,0.7173
50,2009,0.79199
112,2009,0.95752
56,2009,0.98234
84,2009,0.78334
204,2009,0.90574
64,2009,0.80168
68,2009,0.88445
70,2009,0.89934
72,2009,0.97644
76,2009,0.90668
96,2009,0.858
100,2009,0.93555
854,2009,0.98739
108,2009,0.89132
116,2009,0.81449
120,2009,0.83914
124,2009,0.96654
140,2009,0.93633
148,2009,0.91703
152,2009,0.80249
156,2009,0.77364
170,2009,0.7506
178,2009,0.96614
188,2009,0.83008
384,2009,0.90178
191,2009,0.8959
192,2009,0.67575
196,2009,0.9929
203,2009,0.96949
408,2009,0.93067
180,2009,0.88097
208,2009,0.9756
262,2009,0.83809
214,2009,0.7484
218,2009,0.73013
818,2009,0.93924
222,2009,0.8219
226,2009,0.80059
232,2009,0.9194
233,2009,0.98624
748,2009,0.81263
231,2009,0.84951
238,2009,0.7285
242,2009,0.71952
246,2009,0.99045
250,2009,0.87953
260,2009,0.83867
266,2009,0.95308
270,2009,0.97969
268,2009,0.8889
276,2009,0.9816
288,2009,0.84012
300,2009,0.84248
304,2009,0.92859
320,2009,0.7329
324,2009,0.89276
624,2009,0.91925
328,2009,0.87729
332,2009,0.73842
340,2009,0.76039
348,2009,0.86379
352,2009,0.87774
356,2009,0.71447
360,2009,0.80495
364,2009,0.87321
368,2009,0.82469
372,2009,0.91887
376,2009,0.72433
380,2009,0.90124
388,2009,0.68347
392,2009,0.80195
400,2009,0.96586
398,2009,0.87336
404,2009,0.8299
414,2009,0.87405
417,2009,0.98548
418,2009,0.81907
428,2009,0.98882
422,2009,0.9317
426,2009,0.94178
430,2009,0.90092
434,2009,0.96877
440,2009,0.98872
442,2009,0.98385
450,2009,0.78787
454,2009,0.80727
458,2009,0.752
466,2009,0.98143
478,2009,0.97803
484,2009,0.70287
496,2009,0.95992
499,2009,0.83135
504,2009,0.89283
508,2009,0.82753
104,2009,0.82864
516,2009,0.97024
524,2009,0.83459
528,2009,0.9549
540,2009,0.67229
554,2009,0.67514
558,2009,0.83618
562,2009,0.94351
566,2009,0.85328
807,2009,0.96926
578,2009,0.95419
512,2009,0.91255
586,2009,0.90048
591,2009,0.74045
598,2009,0.87036
600,2009,0.95492
604,2009,0.7331
608,2009,0.71728
616,2009,0.9597
620,2009,0.86849
630,2009,0.70715
634,2009,0.86751
410,2009,0.7319
498,2009,0.94259
642,2009,0.86402
643,2009,0.95369
646,2009,0.88337
682,2009,0.92965
686,2009,0.9449
688,2009,0.95117
694,2009,0.92921
703,2009,0.95154
705,2009,0.92981
90,2009,0.79541
706,2009,0.93091
710,2009,0.79862
728,2009,0.93198
724,2009,0.84849
144,2009,0.60925
275,2009,0.89724
729,2009,0.94829
740,2009,0.98917
752,2009,0.99279
756,2009,0.9726
760,2009,0.94182
762,2009,0.98775
764,2009,0.80923
626,2009,0.88834
768,2009,0.8576
780,2009,0.82067
788,2009,0.97111
792,2009,0.88471
795,2009,0.9787
800,2009,0.78469
804,2009,0.93379
784,2009,0.88295
826,2009,0.96339
834,2009,0.73714
840,2009,0.84026
858,2009,0.85959
860,2009,0.97556
548,2009,0.70382
862,2009,0.83744
704,2009,0.7598
732,2009,0.93747
887,2009,0.86952
894,2009,0.87633
716,2009,0.79645
4,2010,0.83662
8,2010,0.86389
12,2010,0.91027
24,2010,0.92861
32,2010,0.84533
51,2010,0.82908
36,2010,0.85005
40,2010,0.89463
31,2010,0.91144
44,2010,0.7165
50,2010,0.78929
112,2010,0.95875
56,2010,0.98248
84,2010,0.78219
204,2010,0.90573
64,2010,0.80135
68,2010,0.88384
70,2010,0.89936
72,2010,0.97622
76,2010,0.9059
96,2010,0.85794
100,2010,0.93555
854,2010,0.98721
108,2010,0.8913
116,2010,0.81267
120,2010,0.83916
124,2010,0.96629
140,2010,0.93627
148,2010,0.91658
152,2010,0.79911
156,2010,0.77038
170,2010,0.74945
178,2010,0.96611
188,2010,0.82948
384,2010,0.90176
191,2010,0.89586
192,2010,0.67452
196,2010,0.9929
203,2010,0.96959
408,2010,0.93008
180,2010,0.88093
208,2010,0.97562
262,2010,0.83562
214,2010,0.74698
218,2010,0.72558
818,2010,0.93743
222,2010,0.82088
226,2010,0.80045
232,2010,0.91697
233,2010,0.98622
748,2010,0.81255
231,2010,0.84978
238,2010,0.72965
242,2010,0.71753
246,2010,0.99038
250,2010,0.87651
260,2010,0.83602
266,2010,0.95301
270,2010,0.97963
268,2010,0.88867
276,2010,0.98164
288,2010,0.83996
300,2010,0.84254
304,2010,0.92748
320,2010,0.73185
324,2010,0.89281
624,2010,0.91915
328,2010,0.87666
332,2010,0.73642
340,2010,0.75894
348,2010,0.86384
352,2010,0.87827
356,2010,0.71126
360,2010,0.80166
364,2010,0.87014
368,2010,0.82157
372,2010,0.91893
376,2010,0.72438
380,2010,0.90099
388,2010,0.68184
392,2010,0.79906
400,2010,0.9658
398,2010,0.87277
404,2010,0.82629
414,2010,0.87117
417,2010,0.98528
418,2010,0.81882
428,2010,0.98882
422,2010,0.93168
426,2010,0.94171
430,2010,0.90101
434,2010,0.96918
440,2010,0.98877
442,2010,0.98391
450,2010,0.78399
454,2010,0.80733
458,2010,0.7482
466,2010,0.98111
478,2010,0.97777
484,2010,0.70043
496,2010,0.9597
499,2010,0.82907
504,2010,0.89218
508,2010,0.82441
104,2010,0.82583
516,2010,0.9701
524,2010,0.83456
528,2010,0.95335
540,2010,0.66967
554,2010,0.67045
558,2010,0.83517
562,2010,0.94246
566,2010,0.85305
807,2010,0.96928
578,2010,0.95407
512,2010,0.91106
586,2010,0.89714
591,2010,0.73895
598,2010,0.86701
600,2010,0.95482
604,2010,0.73209
608,2010,0.71479
616,2010,0.96029
620,2010,0.86919
630,2010,0.7045
634,2010,0.86403
410,2010,0.72904
498,2010,0.94294
642,2010,0.8641
643,2010,0.9534
646,2010,0.88335
682,2010,0.9271
686,2010,0.94427
688,2010,0.95119
694,2010,0.92915
703,2010,0.95161
705,2010,0.92976
90,2010,0.79221
706,2010,0.92741
710,2010,0.79682
728,2010,0.9316
724,2010,0.8485
144,2010,0.6057
275,2010,0.89724
729,2010,0.94551
740,2010,0.98861
752,2010,0.99275
756,2010,0.9726
760,2010,0.94185
762,2010,0.98775
764,2010,0.80695
626,2010,0.88372
768,2010,0.8575
780,2010,0.81935
788,2010,0.97094
792,2010,0.88436
795,2010,0.97862
800,2010,0.78163
804,2010,0.93386
784,2010,0.88091
826,2010,0.96351
834,2010,0.7338
840,2010,0.83949
858,2010,0.85891
860,2010,0.97509
548,2010,0.70102
862,2010,0.83627
704,2010,0.75608
732,2010,0.93769
887,2010,0.86723
894,2010,0.87627
716,2010,0.79597
4,2011,0.83652
8,2011,0.86194
12,2011,0.91055
24,2011,0.92852
32,2011,0.84525
51,2011,0.82909
36,2011,0.84668
40,2011,0.89466
31,2011,0.91136
44,2011,0.71519
50,2011,0.78555
112,2011,0.95985
56,2011,0.9826
84,2011,0.78115
204,2011,0.9057
64,2011,0.80118
68,2011,0.88338
70,2011,0.89941
72,2011,0.97599
76,2011,0.90489
96,2011,0.85758
100,2011,0.93555
854,2011,0.98701
108,2011,0.89128
116,2011,0.81007
120,2011,0.83908
124,2011,0.96603
140,2011,0.93615
148,2011,0.91625
152,2011,0.79619
156,2011,0.7672
170,2011,0.74833
178,2011,0.9662
188,2011,0.82822
384,2011,0.90174
191,2011,0.89584
192,2011,0.67326
196,2011,0.9929
203,2011,0.96971
408,2011,0.9292
180,2011,0.88092
208,2011,0.97563
262,2011,0.83241
214,2011,0.74558
218,2011,0.72047
818,2011,0.93502
222,2011,0.81919
226,2011,0.80032
232,2011,0.9145
233,2011,0.98619
748,2011,0.81248
231,2011,0.84975
238,2011,0.72987
242,2011,0.71596
246,2011,0.99031
250,2011,0.87259
260,2011,0.83368
266,2011,0.95298
270,2011,0.97955
268,2011,0.8886
276,2011,0.98167
288,2011,0.83993
300,2011,0.84221
304,2011,0.92625
320,2011,0.73046
324,2011,0.89262
624,2011,0.91904
328,2011,0.87625
332,2011,0.73447
340,2011,0.75743
348,2011,0.86392
352,2011,0.87689
356,2011,0.7076
360,2011,0.79803
364,2011,0.86787
368,2011,0.82016
372,2011,0.91881
376,2011,0.7244
380,2011,0.90057
388,2011,0.68037
392,2011,0.79589
400,2011,0.96576
398,2011,0.87244
404,2011,0.82324
414,2011,0.86785
417,2011,0.98509
418,2011,0.81841
428,2011,0.98882
422,2011,0.93165
426,2011,0.94164
430,2011,0.90116
434,2011,0.96938
440,2011,0.98883
442,2011,0.98394
450,2011,0.78042
454,2011,0.80739
458,2011,0.7444
466,2011,0.98088
478,2011,0.97751
484,2011,0.69866
496,2011,0.95945
499,2011,0.82617
504,2011,0.89154
508,2011,0.82145
104,2011,0.82256
516,2011,0.96993
524,2011,0.83433
528,2011,0.95222
540,2011,0.66661
554,2011,0.66498
558,2011,0.83339
562,2011,0.94159
566,2011,0.85299
807,2011,0.96929
578,2011,0.95362
512,2011,0.90804
586,2011,0.89303
591,2011,0.73824
598,2011,0.86351
600,2011,0.95462
604,2011,0.73171
608,2011,0.71003
616,2011,0.96146
620,2011,0.86989
630,2011,0.70204
634,2011,0.8597
410,2011,0.72527
498,2011,0.9432
642,2011,0.86419
643,2011,0.95304
646,2011,0.88333
682,2011,0.92483
686,2011,0.94355
688,2011,0.95124
694,2011,0.92929
703,2011,0.95166
705,2011,0.92952
90,2011,0.78865
706,2011,0.9255
710,2011,0.79389
728,2011,0.9312
724,2011,0.84844
144,2011,0.60137
275,2011,0.89723
729,2011,0.94343
740,2011,0.98782
752,2011,0.99272
756,2011,0.9726
760,2011,0.94179
762,2011,0.98773
764,2011,0.80378
626,2011,0.88147
768,2011,0.85752
780,2011,0.81782
788,2011,0.97131
792,2011,0.88409
795,2011,0.97847
800,2011,0.77864
804,2011,0.93415
784,2011,0.87817
826,2011,0.96335
834,2011,0.73054
840,2011,0.83854
858,2011,0.85879
860,2011,0.97472
548,2011,0.69737
862,2011,0.83492
704,2011,0.75248
732,2011,0.9376
887,2011,0.86444
894,2011,0.87639
716,2011,0.79546
4,2012,0.83646
8,2012,0.85866
12,2012,0.91044
24,2012,0.92852
32,2012,0.84516
51,2012,0.82909
36,2012,0.84401
40,2012,0.89469
31,2012,0.91145
44,2012,0.71385
50,2012,0.78141
112,2012,0.96108
56,2012,0.98272
84,2012,0.77983
204,2012,0.90569
64,2012,0.80116
68,2012,0.88284
70,2012,0.89945
72,2012,0.97576
76,2012,0.90427
96,2012,0.85727
100,2012,0.93555
854,2012,0.98694
108,2012,0.89127
116,2012,0.80755
120,2012,0.83899
124,2012,0.96574
140,2012,0.93612
148,2012,0.91583
152,2012,0.79251
156,2012,0.7639
170,2012,0.7469
178,2012,0.96617
188,2012,0.82616
384,2012,0.90179
191,2012,0.89581
192,2012,0.67179
196,2012,0.99288
203,2012,0.96979
408,2012,0.92843
180,2012,0.88086
208,2012,0.97544
262,2012,0.83063
214,2012,0.74373
218,2012,0.71516
818,2012,0.93193
222,2012,0.81763
226,2012,0.80014
232,2012,0.91142
233,2012,0.98617
748,2012,0.81243
231,2012,0.84991
238,2012,0.73
242,2012,0.71358
246,2012,0.99024
250,2012,0.86877
260,2012,0.8308
266,2012,0.95304
270,2012,0.97951
268,2012,0.88852
276,2012,0.98169
288,2012,0.84002
300,2012,0.84176
304,2012,0.92375
320,2012,0.72871
324,2012,0.89275
624,2012,0.91896
328,2012,0.87577
332,2012,0.73309
340,2012,0.75571
348,2012,0.864
352,2012,0.87631
356,2012,0.70391
360,2012,0.79351
364,2012,0.86502
368,2012,0.81675
372,2012,0.91842
376,2012,0.72442
380,2012,0.90019
388,2012,0.67949
392,2012,0.79285
400,2012,0.96573
398,2012,0.87189
404,2012,0.8205
414,2012,0.86485
417,2012,0.98486
418,2012,0.81824
428,2012,0.98882
422,2012,0.93162
426,2012,0.9416
430,2012,0.90124
434,2012,0.96931
440,2012,0.98886
442,2012,0.98404
450,2012,0.776
454,2012,0.80738
458,2012,0.74095
466,2012,0.98063
478,2012,0.97728
484,2012,0.69629
496,2012,0.95918
499,2012,0.82297
504,2012,0.89068
508,2012,0.81827
104,2012,0.82082
516,2012,0.96981
524,2012,0.83443
528,2012,0.95125
540,2012,0.6637
554,2012,0.66147
558,2012,0.83191
562,2012,0.94012
566,2012,0.85294
807,2012,0.9693
578,2012,0.95254
512,2012,0.90526
586,2012,0.88916
591,2012,0.73695
598,2012,0.86014
600,2012,0.9546
604,2012,0.73111
608,2012,0.70697
616,2012,0.96267
620,2012,0.86972
630,2012,0.69912
634,2012,0.85628
410,2012,0.72199
498,2012,0.94341
642,2012,0.86425
643,2012,0.95289
646,2012,0.88332
682,2012,0.92224
686,2012,0.94284
688,2012,0.95127
694,2012,0.92936
703,2012,0.95172
705,2012,0.92944
90,2012,0.78507
706,2012,0.92247
710,2012,0.79153
728,2012,0.93093
724,2012,0.84841
144,2012,0.59896
275,2012,0.89722
729,2012,0.94063
740,2012,0.98747
752,2012,0.99269
756,2012,0.97259
760,2012,0.94173
762,2012,0.98771
764,2012,0.80031
626,2012,0.87764
768,2012,0.8577
780,2012,0.81619
788,2012,0.97122
792,2012,0.88367
795,2012,0.97837
800,2012,0.77545
804,2012,0.93442
784,2012,0.87576
826,2012,0.96307
834,2012,0.72683
840,2012,0.83817
858,2012,0.8582
860,2012,0.97424
548,2012,0.69467
862,2012,0.83323
704,2012,0.74889
732,2012,0.93737
887,2012,0.8616
894,2012,0.87633
716,2012,0.79504
4,2013,0.83642
8,2013,0.85594
12,2013,0.91037
24,2013,0.92849
32,2013,0.84483
51,2013,0.82909
36,2013,0.84057
40,2013,0.89473
31,2013,0.91136
44,2013,0.7123
50,2013,0.77821
112,2013,0.9626
56,2013,0.98289
84,2013,0.77913
204,2013,0.90569
64,2013,0.80078
68,2013,0.8825
70,2013,0.89948
72,2013,0.97574
76,2013,0.90325
96,2013,0.8568
100,2013,0.93555
854,2013,0.98687
108,2013,0.89125
116,2013,0.80471
120,2013,0.83891
124,2013,0.96554
140,2013,0.93613
148,2013,0.91557
152,2013,0.78905
156,2013,0.7603
170,2013,0.74554
178,2013,0.9662
188,2013,0.82506
384,2013,0.9019
191,2013,0.89575
192,2013,0.67049
196,2013,0.99276
203,2013,0.96992
408,2013,0.92763
180,2013,0.88079
208,2013,0.97517
262,2013,0.82778
214,2013,0.74279
218,2013,0.71025
818,2013,0.93018
222,2013,0.8162
226,2013,0.79997
232,2013,0.90967
233,2013,0.98601
748,2013,0.81239
231,2013,0.84997
238,2013,0.73006
242,2013,0.71164
246,2013,0.99017
250,2013,0.86611
260,2013,0.82837
266,2013,0.95289
270,2013,0.97946
268,2013,0.88846
276,2013,0.9817
288,2013,0.84016
300,2013,0.84118
304,2013,0.92139
320,2013,0.72765
324,2013,0.89279
624,2013,0.91892
328,2013,0.87546
332,2013,0.73057
340,2013,0.75416
348,2013,0.86408
352,2013,0.87258
356,2013,0.70034
360,2013,0.78958
364,2013,0.86173
368,2013,0.81432
372,2013,0.9176
376,2013,0.72451
380,2013,0.89964
388,2013,0.67718
392,2013,0.78967
400,2013,0.96568
398,2013,0.87141
404,2013,0.81755
414,2013,0.86156
417,2013,0.98463
418,2013,0.81765
428,2013,0.98878
422,2013,0.9316
426,2013,0.94156
430,2013,0.90125
434,2013,0.96921
440,2013,0.98886
442,2013,0.98412
450,2013,0.77135
454,2013,0.80737
458,2013,0.73674
466,2013,0.98042
478,2013,0.9771
484,2013,0.69438
496,2013,0.95889
499,2013,0.8221
504,2013,0.89015
508,2013,0.81514
104,2013,0.81731
516,2013,0.96974
524,2013,0.83431
528,2013,0.94902
540,2013,0.66082
554,2013,0.65695
558,2013,0.8307
562,2013,0.9393
566,2013,0.85278
807,2013,0.9693
578,2013,0.95138
512,2013,0.90252
586,2013,0.88369
591,2013,0.73615
598,2013,0.85724
600,2013,0.95444
604,2013,0.73081
608,2013,0.70281
616,2013,0.96379
620,2013,0.86946
630,2013,0.69719
634,2013,0.85273
410,2013,0.71931
498,2013,0.94365
642,2013,0.86431
643,2013,0.95269
646,2013,0.88332
682,2013,0.9195
686,2013,0.94219
688,2013,0.95131
694,2013,0.92937
703,2013,0.95179
705,2013,0.92926
90,2013,0.78204
706,2013,0.91995
710,2013,0.7889
728,2013,0.93064
724,2013,0.84825
144,2013,0.59531
275,2013,0.89721
729,2013,0.93804
740,2013,0.98724
752,2013,0.99259
756,2013,0.97258
760,2013,0.94169
762,2013,0.98767
764,2013,0.79749
626,2013,0.87496
768,2013,0.85769
780,2013,0.81443
788,2013,0.97118
792,2013,0.8834
795,2013,0.97828
800,2013,0.77229
804,2013,0.93461
784,2013,0.87281
826,2013,0.96268
834,2013,0.72245
840,2013,0.83735
858,2013,0.85794
860,2013,0.97409
548,2013,0.69053
862,2013,0.83212
704,2013,0.74485
732,2013,0.93722
887,2013,0.85949
894,2013,0.87636
716,2013,0.79464
4,2014,0.83634
8,2014,0.85447
12,2014,0.91026
24,2014,0.9285
32,2014,0.84469
51,2014,0.82909
36,2014,0.83748
40,2014,0.89476
31,2014,0.9116
44,2014,0.71091
50,2014,0.7743
112,2014,0.96363
56,2014,0.98297
84,2014,0.77796
204,2014,0.90574
64,2014,0.80065
68,2014,0.88225
70,2014,0.89951
72,2014,0.97571
76,2014,0.90282
96,2014,0.85646
100,2014,0.93554
854,2014,0.98682
108,2014,0.89124
116,2014,0.80132
120,2014,0.83892
124,2014,0.9652
140,2014,0.93609
148,2014,0.91523
152,2014,0.78516
156,2014,0.75665
170,2014,0.74447
178,2014,0.96622
188,2014,0.82319
384,2014,0.90183
191,2014,0.89572
192,2014,0.66935
196,2014,0.99257
203,2014,0.97003
408,2014,0.92688
180,2014,0.88083
208,2014,0.97465
262,2014,0.82598
214,2014,0.74091
218,2014,0.7053
818,2014,0.92688
222,2014,0.81485
226,2014,0.79983
232,2014,0.90689
233,2014,0.98585
748,2014,0.81237
231,2014,0.84996
238,2014,0.72996
242,2014,0.71046
246,2014,0.99011
250,2014,0.86251
260,2014,0.82594
266,2014,0.95294
270,2014,0.97943
268,2014,0.88832
276,2014,0.9817
288,2014,0.84004
300,2014,0.84019
304,2014,0.91823
320,2014,0.72657
324,2014,0.89274
624,2014,0.91885
328,2014,0.87537
332,2014,0.72865
340,2014,0.75255
348,2014,0.86414
352,2014,0.86938
356,2014,0.69655
360,2014,0.78459
364,2014,0.85796
368,2014,0.81151
372,2014,0.91642
376,2014,0.72451
380,2014,0.89912
388,2014,0.67552
392,2014,0.78691
400,2014,0.96565
398,2014,0.8709
404,2014,0.81346
414,2014,0.85789
417,2014,0.98443
418,2014,0.81761
428,2014,0.9887
422,2014,0.93158
426,2014,0.94153
430,2014,0.90132
434,2014,0.96897
440,2014,0.98886
442,2014,0.98422
450,2014,0.76869
454,2014,0.80737
458,2014,0.73209
466,2014,0.98025
478,2014,0.97686
484,2014,0.69201
496,2014,0.95872
499,2014,0.81807
504,2014,0.88937
508,2014,0.81179
104,2014,0.81431
516,2014,0.96967
524,2014,0.83432
528,2014,0.94783
540,2014,0.6571
554,2014,0.65174
558,2014,0.82925
562,2014,0.9387
566,2014,0.85274
807,2014,0.9693
578,2014,0.95008
512,2014,0.90022
586,2014,0.87971
591,2014,0.73476
598,2014,0.85307
600,2014,0.95436
604,2014,0.73058
608,2014,0.69906
616,2014,0.96507
620,2014,0.86915
630,2014,0.69443
634,2014,0.84854
410,2014,0.71649
498,2014,0.94396
642,2014,0.86436
643,2014,0.95254
646,2014,0.8833
682,2014,0.91719
686,2014,0.94154
688,2014,0.95133
694,2014,0.92933
703,2014,0.95185
705,2014,0.92916
90,2014,0.77888
706,2014,0.91691
710,2014,0.78724
728,2014,0.93025
724,2014,0.84815
144,2014,0.59009
275,2014,0.89721
729,2014,0.9356
740,2014,0.98705
752,2014,0.99249
756,2014,0.9726
760,2014,0.94164
762,2014,0.98766
764,2014,0.79518
626,2014,0.87085
768,2014,0.85772
780,2014,0.81256
788,2014,0.97113
792,2014,0.88299
795,2014,0.97814
800,2014,0.76988
804,2014,0.93481
784,2014,0.87072
826,2014,0.96235
834,2014,0.71813
840,2014,0.83679
858,2014,0.85736
860,2014,0.97353
548,2014,0.68733
862,2014,0.83106
704,2014,0.74166
732,2014,0.93694
887,2014,0.85645
894,2014,0.87644
716,2014,0.79404
4,2015,0.83624
8,2015,0.85174
12,2015,0.91009
24,2015,0.92843
32,2015,0.84442
51,2015,0.82909
36,2015,0.83506
40,2015,0.8948
31,2015,0.91144
44,2015,0.70855
50,2015,0.77083
112,2015,0.96518
56,2015,0.9831
84,2015,0.77676
204,2015,0.90574
64,2015,0.80036
68,2015,0.88204
70,2015,0.89954
72,2015,0.97569
76,2015,0.90215
96,2015,0.85585
100,2015,0.93553
854,2015,0.98678
108,2015,0.89122
116,2015,0.79863
120,2015,0.83881
124,2015,0.96493
140,2015,0.93613
148,2015,0.91501
152,2015,0.78175
156,2015,0.75337
170,2015,0.74316
178,2015,0.9662
188,2015,0.82135
384,2015,0.90173
191,2015,0.89569
192,2015,0.66823
196,2015,0.99238
203,2015,0.97015
408,2015,0.92629
180,2015,0.88071
208,2015,0.9742
262,2015,0.82281
214,2015,0.73877
218,2015,0.70012
818,2015,0.92462
222,2015,0.81305
226,2015,0.79969
232,2015,0.90402
233,2015,0.98569
748,2015,0.81236
231,2015,0.84996
238,2015,0.73007
242,2015,0.70795
246,2015,0.99005
250,2015,0.85907
260,2015,0.82464
266,2015,0.95277
270,2015,0.97939
268,2015,0.88827
276,2015,0.98169
288,2015,0.84001
300,2015,0.83901
304,2015,0.91577
320,2015,0.7247
324,2015,0.89289
624,2015,0.91883
328,2015,0.87529
332,2015,0.72703
340,2015,0.75137
348,2015,0.8642
352,2015,0.86769
356,2015,0.69299
360,2015,0.77987
364,2015,0.85488
368,2015,0.80913
372,2015,0.91574
376,2015,0.72451
380,2015,0.89844
388,2015,0.67401
392,2015,0.78371
400,2015,0.96562
398,2015,0.87065
404,2015,0.81004
414,2015,0.8549
417,2015,0.98424
418,2015,0.81738
428,2015,0.98861
422,2015,0.93156
426,2015,0.94149
430,2015,0.90144
434,2015,0.96909
440,2015,0.98885
442,2015,0.98429
450,2015,0.76445
454,2015,0.80737
458,2015,0.72784
466,2015,0.98007
478,2015,0.97659
484,2015,0.69021
496,2015,0.95856
499,2015,0.81583
504,2015,0.88859
508,2015,0.80889
104,2015,0.81171
516,2015,0.96957
524,2015,0.83449
528,2015,0.94578
540,2015,0.65392
554,2015,0.64675
558,2015,0.8281
562,2015,0.93757
566,2015,0.8527
807,2015,0.9693
578,2015,0.94913
512,2015,0.89853
586,2015,0.87682
591,2015,0.73366
598,2015,0.84986
600,2015,0.95424
604,2015,0.73047
608,2015,0.69586
616,2015,0.96621
620,2015,0.86851
630,2015,0.69185
634,2015,0.84402
410,2015,0.71294
498,2015,0.94416
642,2015,0.86439
643,2015,0.95237
646,2015,0.88329
682,2015,0.91478
686,2015,0.94093
688,2015,0.95135
694,2015,0.92944
703,2015,0.95193
705,2015,0.92906
90,2015,0.77524
706,2015,0.91442
710,2015,0.78425
728,2015,0.92998
724,2015,0.84796
144,2015,0.58784
275,2015,0.8972
729,2015,0.93376
740,2015,0.98699
752,2015,0.99239
756,2015,0.97259
760,2015,0.94159
762,2015,0.98762
764,2015,0.79149
626,2015,0.86769
768,2015,0.85778
780,2015,0.8105
788,2015,0.97126
792,2015,0.88278
795,2015,0.97808
800,2015,0.76638
804,2015,0.93509
784,2015,0.86755
826,2015,0.96205
834,2015,0.71448
840,2015,0.83589
858,2015,0.8569
860,2015,0.97319
548,2015,0.68436
862,2015,0.82958
704,2015,0.73858
732,2015,0.93663
887,2015,0.85403
894,2015,0.87638
716,2015,0.79375
4,2016,0.83616
8,2016,0.84834
12,2016,0.90993
24,2016,0.9284
32,2016,0.84428
51,2016,0.82909
36,2016,0.83105
40,2016,0.89483
31,2016,0.91138
44,2016,0.70655
50,2016,0.76673
112,2016,0.96647
56,2016,0.98323
84,2016,0.77578
204,2016,0.90575
64,2016,0.80017
68,2016,0.88172
70,2016,0.89958
72,2016,0.97567
76,2016,0.90207
96,2016,0.85561
100,2016,0.93553
854,2016,0.98676
108,2016,0.89122
116,2016,0.79574
120,2016,0.83882
124,2016,0.9647
140,2016,0.93602
148,2016,0.91478
152,2016,0.77846
156,2016,0.75021
170,2016,0.7423
178,2016,0.96619
188,2016,0.82026
384,2016,0.90179
191,2016,0.89567
192,2016,0.66664
196,2016,0.99221
203,2016,0.97023
408,2016,0.92509
180,2016,0.88081
208,2016,0.974
262,2016,0.82035
214,2016,0.73784
218,2016,0.69586
818,2016,0.92264
222,2016,0.81129
226,2016,0.79957
232,2016,0.90208
233,2016,0.98553
748,2016,0.81235
231,2016,0.8502
238,2016,0.73026
242,2016,0.70667
246,2016,0.98998
250,2016,0.85445
260,2016,0.82153
266,2016,0.95285
270,2016,0.97936
268,2016,0.8882
276,2016,0.9817
288,2016,0.84018
300,2016,0.83843
304,2016,0.91373
320,2016,0.72364
324,2016,0.89286
624,2016,0.91878
328,2016,0.87528
332,2016,0.72518
340,2016,0.74975
348,2016,0.86427
352,2016,0.86642
356,2016,0.69024
360,2016,0.77729
364,2016,0.85306
368,2016,0.80665
372,2016,0.91551
376,2016,0.7245
380,2016,0.8977
388,2016,0.67215
392,2016,0.7807
400,2016,0.96561
398,2016,0.87012
404,2016,0.80784
414,2016,0.85265
417,2016,0.98401
418,2016,0.81674
428,2016,0.98853
422,2016,0.93154
426,2016,0.94147
430,2016,0.90142
434,2016,0.96907
440,2016,0.98884
442,2016,0.98443
450,2016,0.76079
454,2016,0.80739
458,2016,0.72336
466,2016,0.97994
478,2016,0.97641
484,2016,0.68843
496,2016,0.95833
499,2016,0.81351
504,2016,0.88789
508,2016,0.80635
104,2016,0.80821
516,2016,0.96953
524,2016,0.8344
528,2016,0.94444
540,2016,0.65104
554,2016,0.64115
558,2016,0.82664
562,2016,0.93673
566,2016,0.85272
807,2016,0.9693
578,2016,0.94814
512,2016,0.89593
586,2016,0.8718
591,2016,0.73244
598,2016,0.84577
600,2016,0.95406
604,2016,0.73043
608,2016,0.69104
616,2016,0.96714
620,2016,0.8675
630,2016,0.68882
634,2016,0.84164
410,2016,0.71044
498,2016,0.94439
642,2016,0.86444
643,2016,0.95226
646,2016,0.88328
682,2016,0.91315
686,2016,0.94031
688,2016,0.95137
694,2016,0.92952
703,2016,0.95199
705,2016,0.92888
90,2016,0.77353
706,2016,0.91197
710,2016,0.78215
728,2016,0.92983
724,2016,0.84766
144,2016,0.58451
275,2016,0.8972
729,2016,0.93099
740,2016,0.98694
752,2016,0.9923
756,2016,0.9726
760,2016,0.94156
762,2016,0.98761
764,2016,0.78899
626,2016,0.86388
768,2016,0.85799
780,2016,0.80891
788,2016,0.97108
792,2016,0.88219
795,2016,0.97802
800,2016,0.76418
804,2016,0.93518
784,2016,0.86417
826,2016,0.9619
834,2016,0.71025
840,2016,0.83526
858,2016,0.85645
860,2016,0.97263
548,2016,0.67987
862,2016,0.82819
704,2016,0.73414
732,2016,0.93632
887,2016,0.85002
894,2016,0.87642
716,2016,0.79336
4,2017,0.83613
8,2017,0.84664
12,2017,0.90977
24,2017,0.92844
32,2017,0.8441
51,2017,0.8291
36,2017,0.82824
40,2017,0.89487
31,2017,0.91115
44,2017,0.70468
50,2017,0.76315
112,2017,0.9676
56,2017,0.98335
84,2017,0.77443
204,2017,0.90576
64,2017,0.79996
68,2017,0.88156
70,2017,0.89961
72,2017,0.97567
76,2017,0.90139
96,2017,0.85513
100,2017,0.93553
854,2017,0.98674
108,2017,0.89121
116,2017,0.79347
120,2017,0.83872
124,2017,0.96446
140,2017,0.9361
148,2017,0.91456
152,2017,0.77481
156,2017,0.74665
170,2017,0.74075
178,2017,0.96613
188,2017,0.81887
384,2017,0.9018
191,2017,0.89561
192,2017,0.66543
196,2017,0.99204
203,2017,0.97034
408,2017,0.92416
180,2017,0.88073
208,2017,0.97393
262,2017,0.81792
214,2017,0.73616
218,2017,0.69008
818,2017,0.91898
222,2017,0.81051
226,2017,0.79937
232,2017,0.89937
233,2017,0.98553
748,2017,0.81234
231,2017,0.85014
238,2017,0.73043
242,2017,0.70506
246,2017,0.98998
250,2017,0.85133
260,2017,0.81885
266,2017,0.95276
270,2017,0.97932
268,2017,0.88813
276,2017,0.9817
288,2017,0.84007
300,2017,0.8375
304,2017,0.91254
320,2017,0.72203
324,2017,0.8932
624,2017,0.91875
328,2017,0.8752
332,2017,0.72324
340,2017,0.74826
348,2017,0.86433
352,2017,0.86589
356,2017,0.68657
360,2017,0.77234
364,2017,0.84882
368,2017,0.80457
372,2017,0.91501
376,2017,0.7245
380,2017,0.89716
388,2017,0.66991
392,2017,0.77702
400,2017,0.96558
398,2017,0.86958
404,2017,0.80406
414,2017,0.84864
417,2017,0.98391
418,2017,0.81641
428,2017,0.98853
422,2017,0.93152
426,2017,0.94144
430,2017,0.90149
434,2017,0.96899
440,2017,0.98884
442,2017,0.98453
450,2017,0.7561
454,2017,0.80751
458,2017,0.71978
466,2017,0.97985
478,2017,0.97621
484,2017,0.68561
496,2017,0.95816
499,2017,0.80966
504,2017,0.88692
508,2017,0.8038
104,2017,0.80617
516,2017,0.96953
524,2017,0.83429
528,2017,0.94289
540,2017,0.64818
554,2017,0.63703
558,2017,0.82538
562,2017,0.93593
566,2017,0.85261
807,2017,0.96929
578,2017,0.9479
512,2017,0.89506
586,2017,0.86703
591,2017,0.73165
598,2017,0.84242
600,2017,0.954
604,2017,0.73041
608,2017,0.68716
616,2017,0.96814
620,2017,0.86674
630,2017,0.68733
634,2017,0.83734
410,2017,0.70778
498,2017,0.94462
642,2017,0.86448
643,2017,0.9522
646,2017,0.88328
682,2017,0.91033
686,2017,0.9397
688,2017,0.95142
694,2017,0.92959
703,2017,0.95204
705,2017,0.92876
90,2017,0.76991
706,2017,0.90891
710,2017,0.77896
728,2017,0.92957
724,2017,0.84742
144,2017,0.58051
275,2017,0.8972
729,2017,0.92802
740,2017,0.98688
752,2017,0.99229
756,2017,0.97259
760,2017,0.94151
762,2017,0.9876
764,2017,0.7859
626,2017,0.85911
768,2017,0.85795
780,2017,0.8074
788,2017,0.97115
792,2017,0.88202
795,2017,0.97791
800,2017,0.76168
804,2017,0.93533
784,2017,0.86184
826,2017,0.96174
834,2017,0.70731
840,2017,0.83446
858,2017,0.85614
860,2017,0.97215
548,2017,0.67844
862,2017,0.82692
704,2017,0.73005
732,2017,0.93607
887,2017,0.84738
894,2017,0.87641
716,2017,0.79292
4,2018,0.83607
8,2018,0.84392
12,2018,0.90961
24,2018,0.92841
32,2018,0.84394
51,2018,0.8291
36,2018,0.82476
40,2018,0.8949
31,2018,0.9114
44,2018,0.70185
50,2018,0.75969
112,2018,0.96875
56,2018,0.98345
84,2018,0.7737
204,2018,0.90573
64,2018,0.79984
68,2018,0.88112
70,2018,0.89963
72,2018,0.97567
76,2018,0.90122
96,2018,0.85515
100,2018,0.93552
854,2018,0.9867
108,2018,0.89121
116,2018,0.79081
120,2018,0.83874
124,2018,0.96423
140,2018,0.93607
148,2018,0.91434
152,2018,0.77168
156,2018,0.74396
170,2018,0.73967
178,2018,0.96617
188,2018,0.81718
384,2018,0.90184
191,2018,0.89555
192,2018,0.6647
196,2018,0.99186
203,2018,0.97042
408,2018,0.92307
180,2018,0.88054
208,2018,0.97392
262,2018,0.81502
214,2018,0.73469
218,2018,0.68609
818,2018,0.91744
222,2018,0.80878
226,2018,0.79923
232,2018,0.89758
233,2018,0.98553
748,2018,0.81232
231,2018,0.84996
238,2018,0.73043
242,2018,0.70227
246,2018,0.98998
250,2018,0.84742
260,2018,0.81656
266,2018,0.95277
270,2018,0.97928
268,2018,0.88806
276,2018,0.98171
288,2018,0.8401
300,2018,0.83634
304,2018,0.9108
320,2018,0.72083
324,2018,0.89307
624,2018,0.9187
328,2018,0.87519
332,2018,0.72078
340,2018,0.74664
348,2018,0.86439
352,2018,0.86537
356,2018,0.68328
360,2018,0.76862
364,2018,0.84548
368,2018,0.80231
372,2018,0.91463
376,2018,0.72449
380,2018,0.89649
388,2018,0.66849
392,2018,0.77404
400,2018,0.96554
398,2018,0.86919
404,2018,0.80097
414,2018,0.84452
417,2018,0.98365
418,2018,0.81611
428,2018,0.98853
422,2018,0.93151
426,2018,0.94143
430,2018,0.90165
434,2018,0.96898
440,2018,0.98884
442,2018,0.98466
450,2018,0.75265
454,2018,0.80744
458,2018,0.71632
466,2018,0.97966
478,2018,0.97599
484,2018,0.68366
496,2018,0.95795
499,2018,0.80825
504,2018,0.88629
508,2018,0.8007
104,2018,0.80252
516,2018,0.96952
524,2018,0.83428
528,2018,0.94148
540,2018,0.64561
554,2018,0.63251
558,2018,0.82376
562,2018,0.93539
566,2018,0.85257
807,2018,0.96929
578,2018,0.94755
512,2018,0.89188
586,2018,0.86225
591,2018,0.73062
598,2018,0.8392
600,2018,0.95381
604,2018,0.73036
608,2018,0.68331
616,2018,0.96932
620,2018,0.86585
630,2018,0.68397
634,2018,0.83364
410,2018,0.70423
498,2018,0.9449
642,2018,0.86454
643,2018,0.95202
646,2018,0.88327
682,2018,0.90757
686,2018,0.93896
688,2018,0.95145
694,2018,0.92956
703,2018,0.95208
705,2018,0.92863
90,2018,0.767
706,2018,0.90692
710,2018,0.77737
728,2018,0.92919
724,2018,0.84713
144,2018,0.57616
275,2018,0.89719
729,2018,0.92633
740,2018,0.98676
752,2018,0.99229
756,2018,0.97259
760,2018,0.94147
762,2018,0.98756
764,2018,0.78324
626,2018,0.85643
768,2018,0.85795
780,2018,0.80543
788,2018,0.97112
792,2018,0.88179
795,2018,0.97784
800,2018,0.75752
804,2018,0.93564
784,2018,0.85917
826,2018,0.96177
834,2018,0.7024
840,2018,0.83368
858,2018,0.85551
860,2018,0.97194
548,2018,0.67369
862,2018,0.82573
704,2018,0.72646
732,2018,0.9358
887,2018,0.84599
894,2018,0.87632
716,2018,0.79253
4,2019,0.83601
8,2019,0.84153
12,2019,0.9095
24,2019,0.9284
32,2019,0.84358
51,2019,0.8291
36,2019,0.82147
40,2019,0.89492
31,2019,0.91135
44,2019,0.69976
50,2019,0.7568
112,2019,0.97051
56,2019,0.98357
84,2019,0.77241
204,2019,0.90573
64,2019,0.79959
68,2019,0.88104
70,2019,0.89967
72,2019,0.97567
76,2019,0.9007
96,2019,0.85474
100,2019,0.93552
854,2019,0.98669
108,2019,0.89119
116,2019,0.7878
120,2019,0.83877
124,2019,0.96404
140,2019,0.93594
148,2019,0.91408
152,2019,0.76849
156,2019,0.74022
170,2019,0.73851
178,2019,0.96612
188,2019,0.81531
384,2019,0.90172
191,2019,0.89553
192,2019,0.66363
196,2019,0.9917
203,2019,0.97054
408,2019,0.92257
180,2019,0.88071
208,2019,0.974
262,2019,0.81245
214,2019,0.73309
218,2019,0.68077
818,2019,0.91512
222,2019,0.80674
226,2019,0.79909
232,2019,0.89374
233,2019,0.98553
748,2019,0.81231
231,2019,0.85012
238,2019,0.73046
242,2019,0.70134
246,2019,0.98998
250,2019,0.84346
260,2019,0.81426
266,2019,0.95263
270,2019,0.97926
268,2019,0.88799
276,2019,0.98175
288,2019,0.83998
300,2019,0.83577
304,2019,0.91018
320,2019,0.71915
324,2019,0.89336
624,2019,0.91866
328,2019,0.87517
332,2019,0.71929
340,2019,0.74525
348,2019,0.86449
352,2019,0.86559
356,2019,0.67933
360,2019,0.76533
364,2019,0.84305
368,2019,0.79832
372,2019,0.91498
376,2019,0.72448
380,2019,0.89569
388,2019,0.66666
392,2019,0.76989
400,2019,0.96552
398,2019,0.86877
404,2019,0.79833
414,2019,0.8415
417,2019,0.98344
418,2019,0.81592
428,2019,0.98853
422,2019,0.93148
426,2019,0.94141
430,2019,0.90197
434,2019,0.96882
440,2019,0.98884
442,2019,0.98475
450,2019,0.74928
454,2019,0.80757
458,2019,0.71169
466,2019,0.97956
478,2019,0.97582
484,2019,0.68165
496,2019,0.95782
499,2019,0.80544
504,2019,0.88549
508,2019,0.7965
104,2019,0.79964
516,2019,0.96952
524,2019,0.83458
528,2019,0.9402
540,2019,0.64072
554,2019,0.62857
558,2019,0.82215
562,2019,0.93453
566,2019,0.85245
807,2019,0.96929
578,2019,0.94746
512,2019,0.88974
586,2019,0.85783
591,2019,0.72977
598,2019,0.8368
600,2019,0.95376
604,2019,0.7303
608,2019,0.67926
616,2019,0.97048
620,2019,0.8655
630,2019,0.68101
634,2019,0.82973
410,2019,0.70166
498,2019,0.94504
642,2019,0.86457
643,2019,0.95193
646,2019,0.88326
682,2019,0.90572
686,2019,0.93839
688,2019,0.95148
694,2019,0.92966
703,2019,0.95213
705,2019,0.92846
90,2019,0.7634
706,2019,0.90384
710,2019,0.77478
728,2019,0.92902
724,2019,0.84676
144,2019,0.57328
275,2019,0.89719
729,2019,0.92344
740,2019,0.98676
752,2019,0.99229
756,2019,0.97259
760,2019,0.94142
762,2019,0.98756
764,2019,0.78131
626,2019,0.85282
768,2019,0.85796
780,2019,0.80387
788,2019,0.97107
792,2019,0.88152
795,2019,0.97775
800,2019,0.75465
804,2019,0.93585
784,2019,0.8557
826,2019,0.9618
834,2019,0.69857
840,2019,0.83292
858,2019,0.85535
860,2019,0.97154
548,2019,0.67083
862,2019,0.82425
704,2019,0.72234
732,2019,0.93554
887,2019,0.84298
894,2019,0.87638
716,2019,0.79224
4,2020,0.83599
8,2020,0.83822
12,2020,0.90932
24,2020,0.92841
32,2020,0.8435
51,2020,0.82911
36,2020,0.81932
40,2020,0.89498
31,2020,0.91151
44,2020,0.69689
50,2020,0.75149
112,2020,0.97168
56,2020,0.98383
84,2020,0.77126
204,2020,0.90574
64,2020,0.79936
68,2020,0.88084
70,2020,0.89968
72,2020,0.97567
76,2020,0.90009
96,2020,0.85442
100,2020,0.93551
854,2020,0.98666
108,2020,0.89119
116,2020,0.78506
120,2020,0.83841
124,2020,0.9638
140,2020,0.93601
148,2020,0.91385
152,2020,0.7649
156,2020,0.73677
170,2020,0.73778
178,2020,0.96592
188,2020,0.81323
384,2020,0.90169
191,2020,0.89548
192,2020,0.66173
196,2020,0.99154
203,2020,0.97063
408,2020,0.92196
180,2020,0.88061
208,2020,0.97402
262,2020,0.81036
214,2020,0.73185
218,2020,0.67638
818,2020,0.9129
222,2020,0.80552
226,2020,0.79895
232,2020,0.89278
233,2020,0.98553
748,2020,0.8123
231,2020,0.85034
238,2020,0.73053
242,2020,0.69901
246,2020,0.98998
250,2020,0.84073
260,2020,0.81227
266,2020,0.95263
270,2020,0.97922
268,2020,0.88795
276,2020,0.98179
288,2020,0.84008
300,2020,0.83488
304,2020,0.90946
320,2020,0.71766
324,2020,0.8933
624,2020,0.91863
328,2020,0.87508
332,2020,0.71671
340,2020,0.74397
348,2020,0.86452
352,2020,0.86577
356,2020,0.67538
360,2020,0.76011
364,2020,0.83912
368,2020,0.79595
372,2020,0.91514
376,2020,0.72447
380,2020,0.89501
388,2020,0.66483
392,2020,0.76774
400,2020,0.96549
398,2020,0.86834
404,2020,0.79475
414,2020,0.83939
417,2020,0.9832
418,2020,0.81573
428,2020,0.98853
422,2020,0.93146
426,2020,0.94139
430,2020,0.90187
434,2020,0.96862
440,2020,0.98884
442,2020,0.9849
450,2020,0.74468
454,2020,0.80757
458,2020,0.70785
466,2020,0.97944
478,2020,0.97559
484,2020,0.67955
496,2020,0.95761
499,2020,0.80375
504,2020,0.88484
508,2020,0.79376
104,2020,0.79702
516,2020,0.96952
524,2020,0.83447
528,2020,0.93914
540,2020,0.63958
554,2020,0.62344
558,2020,0.82061
562,2020,0.93355
566,2020,0.85252
807,2020,0.96928
578,2020,0.9474
512,2020,0.88741
586,2020,0.8536
591,2020,0.72882
598,2020,0.83159
600,2020,0.95357
604,2020,0.73027
608,2020,0.67812
616,2020,0.97165
620,2020,0.86441
630,2020,0.67839
634,2020,0.82658
410,2020,0.69856
498,2020,0.9453
642,2020,0.86462
643,2020,0.95187
646,2020,0.88326
682,2020,0.90349
686,2020,0.93768
688,2020,0.95149
694,2020,0.92977
703,2020,0.95221
705,2020,0.92831
90,2020,0.76127
706,2020,0.89995
710,2020,0.77301
728,2020,0.9287
724,2020,0.84633
144,2020,0.56987
275,2020,0.89718
729,2020,0.92168
740,2020,0.98671
752,2020,0.99229
756,2020,0.97261
760,2020,0.94137
762,2020,0.98755
764,2020,0.77787
626,2020,0.84957
768,2020,0.85796
780,2020,0.80211
788,2020,0.97083
792,2020,0.88098
795,2020,0.97764
800,2020,0.751
804,2020,0.93593
784,2020,0.85363
826,2020,0.96185
834,2020,0.69527
840,2020,0.83231
858,2020,0.85488
860,2020,0.97103
548,2020,0.66811
862,2020,0.82331
704,2020,0.71874
732,2020,0.93533
887,2020,0.84009
894,2020,0.8763
716,2020,0.79176
4,2021,0.83592
8,2021,0.83595
12,2021,0.90923
24,2021,0.92837
32,2021,0.84327
51,2021,0.82911
36,2021,0.81603
40,2021,0.895
31,2021,0.91169
44,2021,0.69516
50,2021,0.74842
112,2021,0.97293
56,2021,0.98393
84,2021,0.76991
204,2021,0.90572
64,2021,0.79914
68,2021,0.88065
70,2021,0.89972
72,2021,0.97568
76,2021,0.89984
96,2021,0.85361
100,2021,0.93551
854,2021,0.98663
108,2021,0.89118
116,2021,0.78264
120,2021,0.83855
124,2021,0.96358
140,2021,0.93592
148,2021,0.9137
152,2021,0.76232
156,2021,0.73437
170,2021,0.73687
178,2021,0.96594
188,2021,0.81224
384,2021,0.90174
191,2021,0.89545
192,2021,0.6608
196,2021,0.9914
203,2021,0.97078
408,2021,0.92086
180,2021,0.88053
208,2021,0.97406
262,2021,0.8071
214,2021,0.73032
218,2021,0.67107
818,2021,0.91023
222,2021,0.80347
226,2021,0.79885
232,2021,0.88974
233,2021,0.98553
748,2021,0.81228
231,2021,0.85035
238,2021,0.73057
242,2021,0.69672
246,2021,0.98998
250,2021,0.83598
260,2021,0.80996
266,2021,0.9525
270,2021,0.97919
268,2021,0.88784
276,2021,0.98181
288,2021,0.84001
300,2021,0.83416
304,2021,0.90848
320,2021,0.71716
324,2021,0.89357
624,2021,0.9186
328,2021,0.87517
332,2021,0.71581
340,2021,0.74281
348,2021,0.8646
352,2021,0.86584
356,2021,0.67104
360,2021,0.75694
364,2021,0.83607
368,2021,0.79455
372,2021,0.91566
376,2021,0.72447
380,2021,0.89431
388,2021,0.66256
392,2021,0.7633
400,2021,0.96547
398,2021,0.86788
404,2021,0.7912
414,2021,0.8358
417,2021,0.98298
418,2021,0.81531
428,2021,0.98853
422,2021,0.93145
426,2021,0.94137
430,2021,0.90203
434,2021,0.96855
440,2021,0.98884
442,2021,0.98498
450,2021,0.74046
454,2021,0.80756
458,2021,0.70446
466,2021,0.9793
478,2021,0.97538
484,2021,0.6772
496,2021,0.95737
499,2021,0.79971
504,2021,0.88423
508,2021,0.78984
104,2021,0.79493
516,2021,0.96953
524,2021,0.83456
528,2021,0.93769
540,2021,0.63655
554,2021,0.61909
558,2021,0.81941
562,2021,0.93223
566,2021,0.85228
807,2021,0.96928
578,2021,0.94722
512,2021,0.8837
586,2021,0.84916
591,2021,0.72767
598,2021,0.82951
600,2021,0.95344
604,2021,0.73027
608,2021,0.67043
616,2021,0.97244
620,2021,0.86387
630,2021,0.67606
634,2021,0.82221
410,2021,0.69532
498,2021,0.94556
642,2021,0.86466
643,2021,0.95176
646,2021,0.88326
682,2021,0.90089
686,2021,0.93696
688,2021,0.95152
694,2021,0.92985
703,2021,0.95224
705,2021,0.92811
90,2021,0.75832
706,2021,0.89771
710,2021,0.7695
728,2021,0.92832
724,2021,0.84612
144,2021,0.56497
275,2021,0.89718
729,2021,0.91997
740,2021,0.9866
752,2021,0.99229
756,2021,0.97259
760,2021,0.94134
762,2021,0.98755
764,2021,0.77505
626,2021,0.8471
768,2021,0.85796
780,2021,0.80044
788,2021,0.97073
792,2021,0.8804
795,2021,0.97754
800,2021,0.74791
804,2021,0.93624
784,2021,0.85172
826,2021,0.96191
834,2021,0.69203
840,2021,0.83136
858,2021,0.85429
860,2021,0.97084
548,2021,0.66477
862,2021,0.8222
704,2021,0.71442
732,2021,0.93511
887,2021,0.83757
894,2021,0.8763
716,2021,0.79145
4,2022,0.83587
8,2022,0.83473
12,2022,0.90906
24,2022,0.9284
32,2022,0.84306
51,2022,0.82912
36,2022,0.81294
40,2022,0.89503
31,2022,0.91179
44,2022,0.69237
50,2022,0.74529
112,2022,0.97454
56,2022,0.98412
84,2022,0.76936
204,2022,0.90572
64,2022,0.79899
68,2022,0.88023
70,2022,0.89976
72,2022,0.97568
76,2022,0.89912
96,2022,0.85358
100,2022,0.9355
854,2022,0.98657
108,2022,0.89117
116,2022,0.7802
120,2022,0.83839
124,2022,0.96339
140,2022,0.93592
148,2022,0.91342
152,2022,0.75895
156,2022,0.7303
170,2022,0.73555
178,2022,0.96594
188,2022,0.81071
384,2022,0.90166
191,2022,0.89535
192,2022,0.65936
196,2022,0.99127
203,2022,0.97082
408,2022,0.91999
180,2022,0.88049
208,2022,0.97411
262,2022,0.8046
214,2022,0.72844
218,2022,0.66713
818,2022,0.9076
222,2022,0.80173
226,2022,0.7987
232,2022,0.88712
233,2022,0.98553
748,2022,0.81228
231,2022,0.85028
238,2022,0.73052
242,2022,0.696
246,2022,0.98998
250,2022,0.83351
260,2022,0.80688
266,2022,0.95239
270,2022,0.97916
268,2022,0.88783
276,2022,0.98185
288,2022,0.83996
300,2022,0.83344
304,2022,0.90794
320,2022,0.71548
324,2022,0.89379
624,2022,0.91854
328,2022,0.87511
332,2022,0.71365
340,2022,0.74085
348,2022,0.86463
352,2022,0.86581
356,2022,0.66892
360,2022,0.75296
364,2022,0.83323
368,2022,0.79164
372,2022,0.91564
376,2022,0.72446
380,2022,0.89375
388,2022,0.66043
392,2022,0.76122
400,2022,0.96545
398,2022,0.86754
404,2022,0.78797
414,2022,0.83268
417,2022,0.98277
418,2022,0.81504
428,2022,0.98853
422,2022,0.93142
426,2022,0.94136
430,2022,0.90225
434,2022,0.96857
440,2022,0.98884
442,2022,0.9851
450,2022,0.73708
454,2022,0.80759
458,2022,0.70098
466,2022,0.97915
478,2022,0.97512
484,2022,0.67481
496,2022,0.9572
499,2022,0.79723
504,2022,0.88337
508,2022,0.78672
104,2022,0.79242
516,2022,0.96953
524,2022,0.83459
528,2022,0.93631
540,2022,0.63258
554,2022,0.61567
558,2022,0.81813
562,2022,0.93187
566,2022,0.85235
807,2022,0.96928
578,2022,0.94712
512,2022,0.88239
586,2022,0.84599
591,2022,0.72571
598,2022,0.82592
600,2022,0.95324
604,2022,0.73016
608,2022,0.66805
616,2022,0.97378
620,2022,0.86299
630,2022,0.67414
634,2022,0.81944
410,2022,0.69166
498,2022,0.94584
642,2022,0.86468
643,2022,0.95161
646,2022,0.88325
682,2022,0.89883
686,2022,0.93631
688,2022,0.95156
694,2022,0.92986
703,2022,0.95231
705,2022,0.92798
90,2022,0.755
706,2022,0.89485
710,2022,0.76816
728,2022,0.92832
724,2022,0.84558
144,2022,0.56189
275,2022,0.89718
729,2022,0.91699
740,2022,0.98653
752,2022,0.9923
756,2022,0.97263
760,2022,0.9413
762,2022,0.98754
764,2022,0.77143
626,2022,0.84231
768,2022,0.85798
780,2022,0.79892
788,2022,0.97048
792,2022,0.88
795,2022,0.97744
800,2022,0.74374
804,2022,0.93627
784,2022,0.84827
826,2022,0.9619
834,2022,0.68761
840,2022,0.83038
858,2022,0.85376
860,2022,0.97045
548,2022,0.6603
862,2022,0.82071
704,2022,0.71067
732,2022,0.93477
887,2022,0.83381
894,2022,0.87625
716,2022,0.79111
