statecode,discuss,discussOppose,reducetax,reducetaxOppose,CO2limits,CO2limitsOppose,localofficials,localofficialsOppose,governor,governorOppose,congress,congressOppose,president,presidentOppose,corporations,corporationsOppose,citizens,citizensOppose,regulate,regulateOppose,supportRPS,supportRPSOppose,drilloffshore,drilloffshoreOppose,drillANWR,drillANWROppose,fundrenewables,fundrenewablesOppose,rebates,rebatesOppose,mediaweekly,mediaweeklyOppose,prienv,prienvOppose,teachGW,teachGWOppose,happening,happeningOppose,human,humanOppose,consensus,consensusOppose,worried,worriedOppose,personal,personalOppose,harmUS,harmUSOppose,devharm,devharmOppose,futuregen,futuregenOppose,harmplants,harmplantsOppose,timing,timingOppose,affectweather,affectweatherOppose,PerCapitapersonalincome2016,PerCapitapersonalincome2017,PerCapitapersonalincome2018,Percentchangefromprecedingyear2017,Percentchangefromprecedingyear2018,GDP2015,GDP2016,GDP2017,GDP2018,PercentchangeGDPfromprecedingyear2016,PercentchangeGDPfromprecedingyear2017,PercentchangeGDPfromprecedingyear2018,POPESTIMATE2010,POPESTIMATE2011,POPESTIMATE2012,POPESTIMATE2013,POPESTIMATE2014,POPESTIMATE2015,POPESTIMATE2016,POPESTIMATE2017,POPESTIMATE2018,POPESTIMATE2019,Populationpersquaremile2010,TotalemploymentnumberofjobsUmp,WageandsalaryemploymentUmp,ProprietorsemploymentUmp,FarmproprietorsemploymentUmp,NonfarmproprietorsemploymentUmp,FarmemploymentUmp,NonfarmemploymentUmp,PrivatenonfarmemploymentUmp,ForestryfishingandrelatedactivitiesUmp,MiningquarryingandoilandgasextractionUmp,UtilitiesUmp,ConstructionUmp,ManufacturingUmp,WholesaletradeUmp,RetailtradeUmp,TransportationandwarehousingUmp,InformationUmp,FinanceandinsuranceUmp,RealestateandrentalandleasingUmp,ProfessionalscientificandtechnicalservicesUmp,ManagementofcompaniesandenterprisesUmp,AdministrativeandsupportandwastemanagementandremediationsUmp,EducationalservicesUmp,HealthcareandsocialassistanceUmp,ArtsentertainmentandrecreationUmp,AccommodationandfoodservicesUmp,OtherservicesexceptgovernmentandgovernmententerprisesUmp,GovernmentandgovernmententerprisesUmp,FederalcivilianUmp,MilitaryUmp,StateandlocalUmp,StategovernmentUmp,LocalgovernmentUmp,TotalEnergyExpendituremilliondollars,Totalenergyexpenditurepercapitadollarspercapita,TotalResidentialEnergyExpendituremilliondollars,ResidentialEnergyExpenditurepercapitadollarspercapita,TotalTransportationEnergyExpendituremildollars,TransportationEnergyExpenditurepercapitadollars
1,28.677,71.27,60.31,38.45,62.63,36.68,52.72,16.63,52.94,18.04,53.94,23.26,55.02,16.35,63.29,13.06,58.25,13.83,67.76,31.16,55.48,44.27,61.85,36.63,36.31,62.02,79.41,19.88,79.04,20,25.17,73.02,67.49,29.13,73.63,25.73,58.41,19.58,46.19,37.76,41.05,28.2,52.02,47.77,36.86,50.63,50.79,35.9,55.19,29.97,57.86,27.26,59.9,26.22,42.43,57.57,49.22,8.8,39224,40467,42238,3.2,4.4,189339144,190703043,193023933,198435935,0.7,1.2,2.8,4785437,4799069,4815588,4830081,4841799,4852347,4863525,4874486,4887681,4903185,94.4,2735740,2127180,608560,34596,573964,41785,2693955,2284834,16515,9299,13673,153527,279742,82980,283529,90046,28129,118803,114475,159330,19603,189764,41819,258399,43059,203808,178334,409121,54134,29000,325987,109365,216622,5925.4,8060.3,816,1110,3571,4857.62
2,38.811,60.41,61.41,37.89,62.94,36.53,51.19,18.82,47.22,22.63,55.2,25.09,53.86,17.19,66.65,12.54,61.41,12.17,68.74,30.2,56.57,42.36,52.71,46.79,34.56,64.04,82.7,16.36,80.89,18.02,36.85,61.49,69.71,26.01,74.56,25.05,64.77,19.6,47.61,37.05,49.85,30.32,56.44,43.05,38.4,54.34,55.02,37.28,61.08,30.84,64.09,26.85,67.67,25.93,44.13,55.88,54.94,8.05,56016,56794,59420,1.4,4.6,53798671,52710723,52727361,53092380,-2,0,0.7,713910,722128,730443,737068,736283,737498,741456,739700,735139,731545,1.2,459788,358567,101221,919,100302,1451,458337,355966,10598,15393,2298,23996,15800,7585,44552,25748,6440,11763,18145,23944,3547,17475,5895,53422,11268,36833,21264,102371,14866,25806,61699,23214,38485,21951.8,4491.2,4720,965.68,9629,1970.03
3,38.699,61.11,62.29,37.07,65.41,33.8,55.25,17.62,54.23,18.48,58.71,21.86,57.61,14.9,68.2,12.23,62.18,12.69,70.92,28.73,61.17,38.12,56.12,42.85,38.2,60.8,82.36,17.03,80.42,19.05,37.23,61.22,69.31,28.51,75.42,24.36,66.6,17.63,51.54,33.74,51.5,27.27,59.56,40.42,42.35,49.22,57.52,34.1,61.22,28.38,64.73,24.49,66.01,24.58,47.17,52.83,58.4,7.56,40671,42505,44329,4.5,4.3,280229518,289230418,299405667,311705618,3.2,3.5,4.1,6407172,6472643,6554978,6632764,6730413,6829676,6941072,7044008,7158024,7278717,56.3,3969347,3048198,921149,17856,903293,29799,3939548,3480754,16268,19406,12749,234021,192125,112782,397348,176543,61298,267352,229393,261327,39601,322824,81329,449314,90754,307895,208425,458794,56554,34735,367505,94448,273057,12509.7,4156.4,2427,806.38,5930,1970.27
4,30.274,69.58,61.67,37.94,62.03,37.47,52.41,17.9,51.53,19.31,54.85,25.28,53.96,18.22,63.73,13.33,59,14.3,66.57,33,57.13,42.46,58.31,40.06,38,60.18,78.75,21.23,78.02,20.92,28.74,69.81,64.03,30.34,73.55,25.87,59.98,20.74,46.61,37.46,42.1,30.06,52.99,46.97,36.55,52.13,51.77,37.33,57.28,31.16,61.53,26.48,63.31,26.01,42.29,57.71,50.78,9.3,40148,41520,43233,3.4,4.1,113860922,114541175,115346724,117293783,0.6,0.7,1.7,2921964,2940667,2952164,2959400,2967392,2978048,2989918,3001345,3009733,3017804,56,1673743,1304362,369381,38277,331104,52433,1621310,1395780,15076,9834,8018,93089,167950,51987,168641,75800,14474,66302,64065,71479,35889,95460,23374,197796,23587,118450,94509,225530,20352,15022,190156,80573,109583,22824.7,3188.7,5140,718.08,11748,1641.24
5,42.048,57.77,70.13,29.63,71.71,27.77,59.06,16.14,56.65,19.58,64.83,18.16,64.28,10.99,72.27,11.64,67.16,11.42,74.44,24.15,65.85,33.13,41.9,57.21,27.87,71.06,83.67,15.22,82.61,16.4,36.66,61.36,73.9,24.53,80.49,19.18,73.03,11.6,59.16,27.27,58.1,20.77,67.42,32.39,49.7,41.97,64.5,26.67,68.48,21.19,73.25,17.57,74.43,17.21,54.26,45.74,64.51,6.28,57739,60156,63557,4.2,5.7,2428598371,2500950427,2610682250,2721651005,3,4.4,4.3,37319502,37638369,37948800,38260787,38596972,38918045,39167117,39358497,39461588,39512223,239.1,24602061,18598619,6003442,57636,5945806,238592,24363469,21525859,261864,38499,59126,1234241,1425642,782284,2059415,1219163,645770,1127472,1251248,2154279,288961,1544512,556247,2797215,712728,1869267,1497926,2837610,248689,204524,2384397,563115,1821282,138992.4,3522.2,22860,579.29,77790,1971.27
6,40.655,59.22,62.86,36.67,67.94,31.36,54.63,17.47,53.92,18.71,60.31,21.7,58.16,14.56,70.15,11.89,64.7,12.1,71.86,27.68,62.42,37.38,45.41,54.37,31.27,69.73,83.79,15.7,81.53,18.44,39.86,58.64,70.19,26.82,75.77,24.05,68.05,16.72,53.04,32.36,53.63,26.93,60.3,39.69,41.53,51.36,57.81,34.89,62.32,28.75,68.01,22.79,69.29,23.01,47.35,52.65,60.98,6.96,52262,55335,58456,5.9,5.6,309179631,316751784,329573719,341076739,2.4,4,3.5,5047349,5121108,5192647,5269035,5350101,5450623,5539215,5611885,5691287,5758736,48.5,3949744,2916438,1033306,35246,998060,48211,3901533,3390707,14831,48402,8769,270426,168466,122069,341493,153267,91283,229000,235182,369857,50865,217681,78477,356021,115449,309821,209348,510826,53124,53846,403856,127587,276269,18431.2,3238.5,3672,645.2,9193,1615.28
7,38.483,61.32,72.49,27.58,73.65,25.49,56.63,14.51,58.05,14.43,64.66,15.62,61.59,10.82,72.83,10.54,66.65,10.19,76.1,22.61,68.06,31.46,50.55,48.82,30.71,69.25,86.55,13.18,83.96,15.3,32.88,65.95,71.5,26.71,79.9,19.49,68.89,13.52,56.8,28.92,55.78,22.76,65.32,34.5,42.81,48.79,60.72,30.79,65.96,24.4,73.73,17.97,73.9,18.24,49.5,50.5,64.24,6.61,69741,72213,76456,3.5,5.9,242910718,242793869,243682541,244925749,0,0.4,0.5,3579114,3588283,3594547,3594841,3594524,3587122,3578141,3573297,3571520,3565287,738.1,2331726,1750171,581555,5023,576532,9611,2322115,2069441,2402,1889,5595,116013,171155,67138,212628,80323,38852,193042,124988,166030,37671,123192,90575,311169,58325,144079,124375,252674,18251,13638,220785,74737,146048,14144.5,3960.4,4932,1380.94,5315,1488.18
8,34.442,65.79,65.7,34.15,69.12,30.04,58.79,16.18,59.2,16.99,62.05,19.36,62.55,12.55,69.76,12.78,63.83,13.45,73.06,26.22,63.23,36.47,51.03,49.4,32.95,67.62,83.31,16.17,80.78,18.53,31.05,67.41,69.03,28.89,76.25,23.45,68.06,14.79,53.2,31.85,53.56,24.09,59.15,40.98,43.13,47.35,57.32,32.06,63.66,25.7,68.14,20.99,68.49,21.19,48.96,51.04,61.37,6.53,48505,50350,52507,3.8,4.3,65876064,63108730,62740077,62764748,-4.2,-0.6,0,899593,907381,915179,923576,932487,941252,948921,956823,965479,973764,460.8,606694,478205,128489,1886,126603,3309,603385,528352,NaN,NaN,2145,33332,28841,12565,61455,23150,5613,63535,30759,38739,10597,36838,9923,78828,15888,46278,28406,75033,5751,8681,60601,32787,27814,2145.6,3058.4,502,715.57,398,567.32
9,43.608,56.42,72.94,26.64,77.61,21.61,66.66,12.49,67.49,12.34,73.08,12.07,69.33,6.68,77.94,9.36,73.11,9.35,79.32,19.74,70.66,28.28,37.3,63.56,22.82,77.56,88.25,11.08,84.56,14.75,37.66,60.71,75.23,21.6,83.62,16.28,80.08,7.43,61.33,27.19,67.42,17.52,70.6,29.24,53.18,39.08,68.1,22.9,76.32,16.46,78.53,12.96,80.27,12.65,60.52,39.48,74.61,3.89,77475,78969,82005,1.9,3.8,117238433,119567337,121011225,123981627,2,1.2,2.5,605226,619800,634924,650581,662328,675400,685815,694906,701547,705749,9856.5,923009,806196,116813,0,116813,0,923009,674698,89,252,2116,17961,2154,5782,26806,15145,22510,27956,32102,147712,3489,52751,59427,76211,19640,75933,86662,248311,191495,14158,42658,0,42658,3733.6,3867.1,926,959.11,1674,1733.86
10,34.444,65.57,65.32,34.25,67.43,31.81,59.39,16.42,59.52,16.59,61.75,19.37,61.37,13.28,68.84,12.55,62.99,13.13,72.5,26.81,62.49,36.34,47.95,51.25,34.82,64.31,82.84,16.49,80.18,19.15,31.75,66.86,68.29,28.72,76.73,22.94,67.75,15.89,52.02,33.39,51.24,25.36,59.32,40.69,43.47,48.2,57.08,32.44,61.42,27.85,66.72,23.02,68.04,22.67,48.84,51.16,58.42,7.15,45684,47869,50070,4.8,4.6,839124321,866730997,896117037,924873329,3.3,3.4,3.2,18845537,19053237,19297822,19545621,19845911,20209042,20613477,20963613,21244317,21477737,350.6,12857048,9338828,3518220,38701,3479519,78475,12778573,11573978,63459,16214,24466,800556,431004,404987,1319374,611564,184149,788450,836703,937969,155851,1012977,242293,1390255,385786,1103541,864380,1204595,143148,92838,968609,254521,714088,62480.8,2941.1,15133,712.34,32603,1534.69
11,32.775,67.18,65.66,33.8,64.93,34.72,58.08,15.53,57.99,16.43,58.55,19.27,60.04,12.83,67.8,12.4,62.35,12.82,71.56,26.9,60.23,39.41,54.3,45.03,38.26,60.72,83.23,16.03,80.29,19.51,28,70.52,68.76,29.44,76.54,23.05,65.92,15.46,49.41,34.89,47.04,24.78,58.18,41.74,42.24,46.61,54.24,31.97,55.46,27.79,61.54,23.86,62.16,23.69,47.99,52.01,56.38,7.36,42693,44536,46482,4.3,4.4,481575663,498266779,516593859,528998898,3.5,3.7,2.4,9711881,9802431,9901430,9972479,10067278,10178447,10301890,10410330,10511131,10617423,168.4,6418752,4804775,1613977,34987,1578990,51318,6367434,5582950,26231,8336,20292,354681,429942,237975,608004,337848,139418,313178,293532,444186,99959,516832,129361,595896,130721,490595,405963,784484,103398,93172,587914,176391,411523,35705.7,3396.9,8995,855.75,16462,1566.13
12,44.707,54.85,72.65,26.83,77.21,21.96,58.39,16.2,55.67,20.06,68.55,18.13,63.28,10.79,74.89,11.11,69.18,10.57,75.63,23.51,67.22,31.26,44.63,54.37,26.52,71.98,85.74,13.14,84,14.45,36.64,61.08,75.32,21.88,80.4,19.03,74.53,10.89,61.23,25.87,62.66,21.42,68.67,31.1,50.45,43.42,66.77,26.17,73.96,19.61,77.43,15.23,78.55,15.38,55.19,44.81,68.01,4.85,51032,53145,55418,4.1,4.3,77185376,78905138,80715781,82651901,2.2,2.3,2.4,1363963,1379329,1394804,1408243,1414538,1422052,1427559,1424393,1420593,1415872,211.8,932230,730842,201388,5940,195448,10783,921447,738598,4079,585,4020,49706,18249,22180,89700,42837,10665,32127,46418,48260,9935,55481,20855,85821,25572,119926,52182,182849,34305,55796,92748,73330,19418,6617.5,4658.3,929,653.96,3515,2474.34
13,36.395,62.98,63.96,34.93,62.64,36.21,52.06,18.24,50.56,19.42,53.38,23.88,51.65,19.45,63.95,13.1,58.99,12.88,68.24,30.78,58.45,40.45,51.31,45.99,35.01,63.92,81.64,17.29,79.63,19.41,34.29,64.57,65.21,29.95,76.47,22.74,60.57,22.75,47.61,37.15,45.25,32.52,54.43,45.3,35.56,56.28,52.59,39.22,56.07,34.52,60.4,30.83,63.61,28.52,42.39,57.62,52.88,9.85,40670,42094,43901,3.5,4.3,63097512,65535348,67818168,70500379,3.9,3.5,4,1570746,1583910,1595324,1611206,1631112,1651059,1682380,1717715,1750536,1787065,19,1071664,796965,274699,22546,252153,42154,1029510,892478,13818,4060,3143,77316,75439,33981,113088,35200,12042,45031,56178,66442,8570,61964,20284,112063,24269,76680,52910,137032,13234,9033,114765,32111,82654,15603,4955.5,2819,895.31,6361,2020.25
14,36.164,63.51,68.38,31.77,71.37,27.73,55.95,14.28,58.19,14.74,62.81,16.34,61.5,10.46,72.66,10.06,66.23,10.19,75.56,23.15,64.87,34.37,51.99,46.69,30.37,69.53,86.62,12.75,83.68,15.54,33.02,65.28,71.02,27.45,76.75,23.05,69.41,14.07,54.58,31.36,52.13,23.83,61.24,38.63,43.02,48.79,58.81,31.62,63.59,24.94,70.09,19.59,71.96,19.23,48.57,51.43,61.72,5.93,52273,53943,56839,3.2,5.4,744517833,747167990,753637957,769800594,0.4,0.9,2.1,12840503,12867454,12882510,12895129,12884493,12858913,12820527,12778828,12723071,12671821,231.1,7962884,6280415,1682469,58783,1623686,71764,7891120,7015765,13578,18127,25203,344078,607296,314064,694178,474905,114847,519187,328864,598780,98565,549418,207842,892775,180694,564855,468509,875355,79611,44379,751365,152817,598548,6916.9,3951.3,1232,703.78,3728,2129.63
15,30.677,69.17,58.17,42.06,60.24,38.97,51.47,17.3,52.97,17.08,53.1,22.74,55.03,15.94,64.84,13.13,58.21,13.85,68.77,30.39,57.34,41.79,59.19,40.49,37.28,62.89,81.74,17.97,79.52,19.69,30.71,67.76,65.35,30.7,69.16,30.72,59.97,22.15,46.28,37.82,45.25,30.58,49.97,50.05,35.65,54.75,50.01,40.3,54.81,33.78,60.15,28.64,62.1,28.32,40.51,59.49,51.87,8.68,43741,45225,47149,3.4,4.3,311600670,316635852,322745581,329298827,1.6,1.9,2,6490432,6516528,6537703,6568713,6593644,6608422,6634304,6658078,6695497,6732219,181,4006907,3250655,756252,49028,707224,61982,3944925,3496771,11404,9292,14137,216465,555905,132570,386683,196632,37462,162466,153811,191251,39381,240726,90473,457824,79143,287293,233853,448154,39033,20441,388680,121612,267068,44808.1,3521.8,10044,789.43,21260,1670.98
16,32.974,66.93,63.03,37.15,63.91,35.8,49.19,17.3,48.7,19.11,57.06,21.66,55.07,14.89,68.61,11.74,61.64,12.06,70.35,28.09,61.37,37.38,52.18,46.64,34.89,64,84.22,15.13,81.57,17.26,31.23,67.41,70.33,28.56,71.48,28.17,61.27,20.19,49.56,35.03,49.06,28.88,56.08,43.8,34.78,56.26,51.47,39.38,59.3,31.38,67.62,24.56,66.92,25.92,40.05,59.95,55.47,7.98,46431,47458,50124,2.2,5.6,169374989,168876432,168434541,172071984,-0.3,-0.3,2.2,3050745,3066336,3076190,3092997,3109350,3120960,3131371,3141550,3148618,3155070,54.5,2093635,1644686,448949,69477,379472,88874,2004761,1732803,17327,3609,6468,118314,233167,71438,216557,85344,26031,140024,76884,83767,22787,87471,44976,218674,38900,132808,108257,271958,17645,11391,242922,68199,174723,30038.1,4486.3,5865,875.96,12852,1919.49
17,33.328,66.59,62.4,37.62,62.09,37.37,52.45,17.56,51.99,17.95,53.94,21.13,55.11,15.38,65.43,12.72,59.4,13.13,68.88,29.56,61.64,36.95,54.32,44.64,37.71,61.27,82.42,16.82,79.79,19.23,32.3,66.51,68.63,30.4,72.7,26.87,61.9,21.08,47.87,36.51,46.53,29.28,55.86,44.08,36.2,55.21,52.17,39.09,56.47,33.22,64.02,28.05,64.11,28.09,41.65,58.35,55.15,8.85,47510,48869,51471,2.9,5.3,146173127,149927889,151465715,154582685,2.6,1,2.1,2858190,2869225,2885257,2893212,2900475,2909011,2910844,2908718,2911359,2913314,34.9,1945791,1509013,436778,50214,386564,62910,1882881,1583334,11718,29607,6432,96116,173845,63711,180214,80256,22881,106137,74861,111865,30793,100494,28894,206764,34481,123224,101041,299547,25536,32232,241779,59359,182420,12601.3,4328.3,2744,942.51,5520,1896.01
18,29.285,70.61,55.8,43.05,56.05,43.13,50.04,18.71,49.92,19.7,52.58,26.52,53.36,18.86,63.41,13.94,57.61,14.77,66.73,32.71,53.61,46.05,60.85,38.66,37.68,62.29,79.22,20.4,78.66,20.46,29.12,69.17,66.47,29.79,70.01,29.64,57.2,23.26,45.15,38.33,41.08,31.82,49.19,50.62,33.96,56.17,49.31,40.93,54.27,35.35,58.88,30.85,59.95,30.83,39.33,60.68,48.22,8.97,39638,40999,42458,3.4,3.6,181323142,182618591,184540918,187215545,0.7,1.1,1.4,4348181,4369821,4386346,4404659,4414349,4425976,4438182,4452268,4461153,4467673,109.9,2572457,2039331,533126,67541,465585,82641,2489816,2135830,13993,15040,7007,132838,260777,82019,256359,140451,27410,112319,96414,119788,23795,155475,40473,280570,44860,189443,136799,353986,34918,45355,273713,98577,175136,19719.9,4420.4,3665,821.54,10168,2279.25
19,30.082,69.85,62.69,36.95,61.93,37.57,54.2,16.42,53.46,18,54.59,23.06,55.86,15.47,63.78,12.91,58.44,13.73,67.59,31.86,58.3,41.43,62.2,37.49,35.79,63.9,79.21,20.76,78.5,20.52,26.85,71.53,65.76,31,74.63,24.83,61.74,17.77,46.8,36.29,42.78,26.95,54.98,44.99,39.15,48.73,52.86,33.87,55.49,29.03,60.09,25.79,60.86,25.8,44.77,55.23,52.67,8.07,42726,43938,46242,2.8,5.2,232457557,228252533,231373058,237372168,-1.8,1.4,2.6,4544532,4575625,4600972,4624527,4644013,4664628,4678135,4670560,4659690,4648794,104.9,2745180,2062866,682314,23528,658786,32591,2712589,2353572,18861,53690,8903,203752,148238,76392,271313,119096,29115,113821,128006,150492,28366,163073,57033,322483,56269,231100,173569,359017,31692,33774,293551,81702,211849,35118.6,7536.7,3570,766.15,11222,2408.32
20,37.129,63.03,61.66,38.84,64.23,34.97,55.08,17.9,55.98,16.1,57.97,20.12,59.65,13.58,68.29,13.31,61.98,13.59,72.53,27.49,63.72,36.3,55.11,45.98,33.4,68.12,83.54,17.04,80.65,19.48,38.83,60.24,67.81,29.56,73.19,26.68,65.86,19.05,51.24,34.75,52.48,27.88,57.29,42.8,38.38,55.43,55.64,38.68,60.79,31.97,66.22,27.13,66.71,27.14,45.03,54.97,60.14,8.01,44839,46570,48905,3.9,5,53780489,54970953,56189337,57450447,2.2,2.2,2.2,1327629,1328284,1327729,1328009,1330513,1328262,1331317,1334612,1339057,1344212,43.1,856302,651621,204681,6960,197721,10549,845753,736986,14675,671,1756,57044,58297,22221,98154,23780,9717,35056,37021,49450,12737,42750,22553,118985,23040,66069,43010,108767,16090,6807,85870,26340,59530,26858.7,3902.4,8290,1204.48,10106,1468.34
21,37.94,62.05,72.23,27.41,74.06,25.16,60.06,13.87,60.71,15.45,67.15,15.75,64.63,9.74,73.98,10.2,68.83,10.31,76.57,21.83,66.45,32.86,45.29,53.23,26.26,73.21,86.92,12.31,84.07,14.7,30.66,67.72,72.76,24.38,80.47,19.15,72.66,10.6,58.03,28.59,58.79,20.83,65.42,34.48,46.51,43.5,61.51,27.18,67.91,20.5,73.13,15.5,73.95,15.73,52.95,47.05,66.52,5.32,59029,60512,63354,2.5,4.7,345230212,356817594,360030127,368860199,3.4,0.9,2.5,5788645,5839419,5886992,5923188,5957283,5985562,6003323,6023868,6035802,6045680,594.8,3803930,2880591,923339,11045,912294,17512,3786418,3213553,6936,2897,10308,245466,122907,96254,337505,175947,49195,171045,193555,377636,32529,243108,110475,455943,95347,261113,225387,572865,174698,50680,347487,100688,246799,19885.4,3294.6,5329,882.91,9336,1546.78
22,41.25,58.68,70.73,29.51,74.72,24.7,57.63,14.91,59.03,14.24,66.8,15.31,63.59,9.78,74.38,10.66,68.06,10.17,77.3,21.93,69.23,30.22,48.04,52.01,26.53,74.14,87.44,12.53,84.41,15.06,38.33,60.56,72.7,24.55,79.16,20.54,72.22,12.96,58.87,28.4,60.67,22.39,66.47,33.4,44.18,48.75,62.73,30.88,67.52,23.51,74.16,18.21,75.31,18.11,51.08,48.92,67.35,5.68,65473,68233,71683,4.2,5.1,471135269,478961042,490839833,506072766,1.7,2.5,3.1,6566307,6613583,6663005,6713315,6762596,6794228,6823608,6859789,6882635,6892503,839.4,4936751,3822709,1114042,6195,1107847,10432,4926319,4458040,10463,2353,12646,265058,258974,137957,423848,189545,108251,291369,221265,510281,77496,254270,253917,712571,135007,339047,253722,468279,46226,19363,402690,126561,276129,6182,4616.7,1864,1392.03,2532,1890.89
23,33.358,66.41,68.57,31.54,69.08,30.35,55.1,14.97,57.41,15.46,60.12,17.79,59.01,12.79,69.92,11.05,62.54,11.6,73.4,25.49,64.05,34.82,52.64,45.94,30.94,68.56,84.35,14.82,82.02,17.01,29.53,68.91,67.32,29.61,76.59,22.8,64.6,16.73,53.1,32.19,48.37,25.99,56.92,43.03,39.47,51.29,55.28,34.42,59.12,28.57,66.88,22.67,67.14,22.77,45.74,54.26,58.94,7.45,44868,46258,48423,3.1,4.7,442481789,452268793,459129090,470529220,2.2,1.5,2.5,9877510,9882412,9897145,9913065,9929848,9931715,9950571,9973114,9984072,9986857,174.8,5772831,4521246,1251585,41584,1210001,65390,5707441,5088972,17730,12420,21043,282091,653240,188747,562633,207470,70437,265130,267602,425957,78711,376511,105308,687504,114931,412774,338733,618469,52384,17693,548392,188781,359611,35987.6,3604.5,9196,921.07,15926,1595.14
24,36.044,64.04,62.69,37.66,67.45,31.84,52.95,17.33,52.84,17.99,59.68,20.12,58.15,13.32,70.4,11.35,64.04,12.18,71.9,27.45,64.46,34.28,50.1,49.16,31.36,68.77,84.33,15.19,81.38,18.08,35.96,62.73,70.82,25.89,72.69,27.16,65.74,18.17,51.98,33.94,54.88,27.34,58.36,41.66,37.79,55.61,54.71,37.93,63.88,29.43,70.5,23.64,70.44,24.31,43.62,56.38,60.63,7.17,53209,54919,57515,3.2,4.7,313086208,319129918,325322723,333919546,1.9,1.9,2.6,5310828,5346143,5376643,5413479,5451079,5482032,5522744,5566230,5606249,5639632,66.6,3819497,3038946,780551,59304,721247,75401,3744096,3314457,14919,8698,12578,187146,340069,138456,359245,151858,55978,229224,153715,244556,93925,172516,92138,516599,98699,243194,200944,429639,32187,19829,377623,95106,282517,22236.7,3966.4,4868,868.31,9987,1781.4
25,29.046,70.91,63.28,35.5,62.95,36.04,54.79,15.3,55.19,16.84,57.02,20.67,57.31,13.87,65.22,12,59.87,12.85,69.17,29.27,57.46,41.93,62.34,35.59,38.29,59.74,80.25,18.89,79.51,19.63,23.83,74.29,68.77,28.83,75.86,23.45,60.62,16.47,47.16,35.65,42.04,25.41,54.66,45.1,39.39,46.68,52.55,32.39,50.76,27.68,58.31,23.46,60.54,23.03,45.12,54.88,50.06,8.22,35613,36375,37834,2.1,4,100242514,100656508,101515677,102837396,0.4,0.9,1.3,2970548,2978731,2983816,2988711,2990468,2988471,2987938,2988510,2981020,2976149,63.2,1617430,1223735,393695,29744,363951,39132,1578298,1306963,15192,9804,8057,85640,152794,39236,167988,70925,14216,61649,56032,59619,13584,104177,25134,163940,21106,138826,99044,271335,25562,27625,218148,64449,153699,23587.3,3853.1,5797,946.97,11504,1879.23
26,32.952,67.09,61.33,38.74,61.99,37.05,53.73,17.65,53.26,17.52,55.8,20.81,56.11,14.73,65.87,13.45,60.18,13.82,69.02,29.86,61.7,36.56,54.79,43.93,36.82,62.72,81.65,17.71,79.02,19.98,32.73,66.08,68.06,29.56,72.32,27.34,62.36,20.51,49.07,35.96,48.03,28.9,54.97,45.04,36.66,53.36,52.99,38.66,58.06,32.25,65.54,26.39,65.79,26.68,42.49,57.51,54.32,8.73,44336,45744,47746,3.2,4.4,276700378,275500454,278191917,284924112,-0.4,1,2.4,5995974,6010275,6024367,6040715,6056202,6071732,6087135,6106670,6121623,6137428,87.1,3821914,2993332,828582,87136,741446,95569,3726345,3253718,14910,7065,12206,199474,290839,134000,375971,150453,56130,207146,169509,232626,69659,206147,87685,462431,79231,284994,213242,472627,59184,35892,377551,104670,272881,14394.2,4828.6,2568,861.45,7799,2616.21
27,36.125,63.22,60.43,38.76,60.72,39.11,46.43,18.28,44.71,21.53,52.7,26.43,50.62,18.98,66.47,11.39,60.04,11.42,69.02,30.11,55.84,44,52.31,46.3,35.6,62.35,84.21,15.21,81.88,17.42,34.15,64.37,68.76,27.5,71.93,27.68,60.04,22.04,45.17,38.39,45.82,32.42,53.93,45.77,33.62,58.03,49.93,40.74,56.53,33.02,61.31,27.58,63.95,27.23,39.45,60.55,52.27,8.68,43721,45312,47538,3.6,4.9,44871442,44265422,45029245,46219700,-1.4,1.7,2.6,990697,997316,1003783,1013569,1021869,1030475,1040859,1052482,1060665,1068778,6.8,695247,501103,194144,22783,171361,29879,665368,569233,8491,10199,2936,50083,25553,19386,74774,21831,8339,28175,40350,41049,2723,27166,9620,78416,22264,60755,37123,96135,13368,7867,74900,26608,48292,5077.3,4786.9,965,909.81,2712,2556.89
28,32.633,67.27,59.9,40.14,59.97,39.48,50.93,18.15,50.19,18.59,51.16,22.54,53.78,16.31,64.1,13.33,57.92,13.33,68.1,30.6,59.58,39.29,54.66,44.61,39.1,60.55,82.24,17.14,79.36,20.31,32.63,66.18,68.31,29.68,70.84,28.85,60.34,22.63,46.01,38.1,45.22,30.79,54.04,45.87,34.71,56.97,50.64,40.92,55.48,34.38,62.21,29.99,62.52,29.97,39.96,60.04,51.73,9.07,49703,50663,53263,1.9,5.1,110325737,110812032,113110421,114169981,0.4,2.1,0.9,1829542,1840672,1853303,1865279,1879321,1891277,1905616,1915947,1925614,1934408,23.8,1342465,1052893,289572,38056,251516,54700,1287765,1112061,11895,2381,1231,78291,103680,43165,131638,68403,19940,87860,52753,67000,22739,67590,24391,146582,26933,85017,70572,175704,17013,12677,146014,34448,111566,34156,3290.1,8436,812.6,16182,1558.74
29,38.137,61.75,62.91,36.52,67.03,32.08,55.66,17.35,54.74,18.47,60.96,21.4,58.64,14.05,69.08,12.41,63.44,12.85,71.58,28.3,61.24,38.42,52.92,46.43,36.68,62.95,82.27,17.15,80.54,18.65,35.72,62.56,69.78,28.8,75.32,24.44,67.16,16.29,53.05,32.59,52.06,26.02,60,40.04,43.43,47.63,58.23,32.73,62.45,26.74,67.42,22.32,68.39,22.55,48,52,59.36,6.95,44967,46914,49176,4.3,4.8,135429189,139295513,143733369,149779867,2.9,3.2,4.2,2702405,2712730,2743996,2775970,2817628,2866939,2917563,2969905,3027341,3080156,24.6,1902080,1458453,443627,2938,440689,5064,1897016,1716835,2034,17940,4321,115771,65533,44575,181647,117258,22051,94337,110633,107541,34393,136808,19695,153917,61484,333499,93398,180181,19777,18932,141472,36818,104654,6138.3,8097.2,734,968.24,2702,3564.28
30,36.988,63,65.27,35.06,67.95,31.43,53.64,17.01,54.7,16.27,59.64,19.67,58.52,13.89,69.19,12.45,62.87,12.39,72.99,26.57,64.76,34.92,52.67,47.09,33.99,66.39,84.49,15.72,81.79,18.13,35.51,63.48,68.52,29.26,74.93,24.63,64.91,18.48,52.9,32.76,52.47,27.17,58.77,41.2,37.77,54.68,55.6,37.58,60.61,30.8,68.69,24.79,68.24,25.12,44.48,55.52,59.36,8,56480,58397,61294,3.4,5,71511135,72815608,74118843,75833174,1.8,1.8,2.3,1316762,1320202,1324232,1326622,1333341,1336350,1342307,1348787,1353465,1359711,147,904939,695650,209289,3851,205438,5171,899768,805303,3008,1108,2166,55626,76495,31294,111697,22128,15256,43396,42583,66474,10178,48397,32473,105068,25165,66207,46584,94465,7953,4560,81952,24787,57165,9214.6,4785.3,1587,824.16,4524,2349.39
31,36.515,63.42,72.86,26.75,75.52,23.84,59.44,14.75,60.6,15.43,67.29,15.73,63.4,10.42,74.07,10.22,68.52,10.2,77.26,21.77,66,32.76,48.01,51.7,28.72,70.92,84.8,14.37,83.63,14.96,30.48,68.01,72.5,23.39,80.61,18.91,71.36,12.34,58.47,29.95,58.31,22.84,66.02,33.92,45.13,46.38,62.15,28.99,68.42,21.87,73.26,17.32,74.47,16.73,51.61,48.39,66.26,5.51,62701,64924,68236,3.5,5.1,535299201,539942759,543530089,555755102,0.9,0.7,2.2,8799446,8828117,8844942,8856972,8864525,8867949,8870827,8885525,8886025,8882190,1195.5,5635957,4261715,1374242,8824,1365418,16960,5618997,5005433,6878,2824,15624,259038,267665,238333,536332,326272,87303,359262,356189,476879,97412,357721,139516,677914,133688,360024,306559,613564,48566,25097,539901,141741,398160,5837.2,4312.8,1923,1420.8,2319,1713.39
32,38.833,61.19,60.48,39.13,66.71,32.87,55.03,17.4,54.13,18.69,60.64,22.08,59.51,13.65,69.87,12.12,64.35,12.65,71.32,28.31,60.3,39.7,49.7,49.48,34.81,65.42,82.25,17.36,80.85,18.62,36.24,61.84,71.69,26.31,73.1,26.97,67.85,15.68,53.64,31.28,54.15,25.03,61.56,38.54,45.36,46.92,58.6,32.03,65.21,25.61,67.99,21.59,69.42,21.99,47.87,52.13,59.08,6.58,38825,39521,41609,1.8,5.3,91200832,91268262,91343606,93604628,0.1,0.1,2.5,2064552,2080450,2087309,2092273,2089568,2089291,2091630,2091784,2092741,2096829,17,1130618,889967,240651,21206,219445,28135,1102483,894535,6122,32532,4412,68119,34649,25341,109129,32079,14340,38162,43035,85125,6809,59333,16876,137269,27207,95956,58040,207948,29082,17874,160992,57597,103395,32960.7,3709.3,7521,846.39,16384,1843.81
33,39.504,60.16,74.94,24.52,74.82,23.95,61.2,13.98,62.18,14.22,66.29,13.71,64.95,8.82,74.11,9.74,68.71,9.32,78.53,19.74,66.95,31.8,50.64,48.78,27.26,71.31,86.7,12.39,84.39,14.89,33.4,65.15,73.84,23.63,82.68,16.92,73.89,11.16,57.38,30.21,58.15,21.91,68.82,30.94,47.1,44.75,64.2,27.25,67.86,21.57,73.17,16.7,74.89,16.52,54.38,45.62,68.33,4.96,61226,65644,68668,7.2,4.6,1372162790,1389680638,1418942002,1435636154,1.3,2.1,1.2,19399878,19499241,19572932,19624447,19651049,19654666,19633428,19589572,19530351,19453561,411.2,12873579,9914379,2959200,30605,2928595,52328,12821251,11316772,15340,10452,39242,572468,473942,366924,1077835,548910,324366,952084,740126,1041621,174282,674374,493058,1840125,396142,854912,720569,1504479,115237,55853,1333389,246166,1087223,8274.5,3953.9,1312,626.93,4769,2278.83
34,33.939,66.04,65.52,34.07,68.08,30.93,57.34,16.23,57.39,17.2,59.81,20.12,59.9,13.84,67.76,13.01,62.69,13.22,71.8,27.17,61.36,37.91,56.46,43.43,37.33,62.1,83.12,16.16,80.39,19.03,29.29,69.29,68.1,29.72,76.14,23.41,65.97,16.19,51.19,33.17,50.14,25.7,57.65,42.33,41.1,48.31,55.33,33.23,60.42,27.43,65.21,22.95,67.34,22.17,47.09,52.91,58.26,6.92,42651,44180,46117,3.6,4.4,469478788,475338993,485498603,497331293,1.2,2.1,2.4,9574323,9657592,9749476,9843336,9932887,10031646,10154788,10268233,10381615,10488084,196.1,6188601,4826288,1362313,38890,1323423,63087,6125514,5260146,26304,6284,15145,374764,499863,205121,610401,222126,92904,298502,284403,402691,92785,421106,143803,594005,142633,474264,353042,865368,74376,127121,663871,212514,451357,10346.9,3417.8,2057,679.47,5386,1779.11
35,30.309,69.43,52.67,47.43,51.23,48.79,44.47,19.61,42.9,21.15,45.22,27.73,48.92,19.33,61.98,13.06,55.3,13.42,64.98,33.73,53.13,46.3,62.99,37.13,42.7,56.09,82.24,17.49,79.24,20.23,31.16,67.55,68.51,29.86,63.54,36.55,55.35,27.46,39.9,43.02,40.44,34.75,48.89,50.94,30.19,61.93,44.71,46.49,48.96,39.45,58.19,33.74,59.01,34.48,34.08,65.92,45.74,10.31,52525,52669,55452,0.3,5.3,54901573,51036328,51014744,52872991,-7,0,3.6,674715,685225,701176,722036,737401,754066,754434,754942,758080,762062,9.7,586904,456960,129944,23077,106867,28484,558420,469410,5240,25689,3526,37527,28275,25568,57219,26336,6981,28454,26035,23863,4110,18395,6661,70307,10007,37966,27251,89010,9320,11872,67818,23386,44432,60768.2,3111.5,19001,972.9,23527,1204.65
36,32.201,67.72,63.57,36.65,61.75,37.52,54.32,16.17,56.38,16.02,58.74,19.85,57.78,14.11,68.29,11.97,61.79,12.8,70.99,27.91,61.19,38.2,58.55,41.29,39.13,61.27,82.67,16.79,80.27,19.42,30.85,67.62,65.91,32.17,73.4,26.2,62.99,18.91,50.04,34.94,49.16,27.97,53.42,46.62,37.95,53.45,53.05,37.14,57.77,30.82,63.81,26.09,64.49,25.89,43.85,56.15,55.8,8.01,45040,46651,48739,3.6,4.5,580414093,585088902,594315188,605394561,0.8,1.6,1.9,11539336,11544663,11548923,11576684,11602700,11617527,11634370,11659650,11676341,11689100,282.3,7142330,5701013,1441317,70628,1370689,86259,7056071,6242241,16055,23361,19419,358094,730482,257132,673743,315799,86465,363234,291707,411487,151337,425923,147340,912213,153122,523311,382017,813830,79790,35812,698228,178117,520111,44271.5,3791.6,10366,887.79,19390,1660.64
37,30.773,69.02,59.04,40.51,59.62,39.96,51.02,18.94,49.86,20.17,52.76,27.55,51.87,20.34,61.91,14.03,57.68,14.79,65.13,34.87,55.79,43.38,60.05,39.42,41.15,56.59,78.26,21.84,77.64,21.03,29.61,68.93,63.61,31.69,71.48,28,58.65,23.77,46.22,38.21,40.47,32.35,51.64,48.32,35.55,54.8,50.17,39.82,53.25,34.85,58.33,31.24,59.89,30.93,40.52,59.48,47.09,9.94,41871,43634,46233,4.2,6,195902133,190109718,191544229,196524608,-3,0.8,2.6,3759944,3788379,3818814,3853214,3878187,3909500,3926331,3931316,3940235,3956971,54.7,2336794,1736582,600212,70647,529565,76389,2260405,1886626,10236,98057,11135,135721,150260,63919,224962,81204,25507,110852,93118,120162,24283,140580,31262,223562,37629,171204,132973,373779,49767,34740,289272,78536,210736,17063.9,4330.7,3276,831.43,8841,2243.78
38,41.173,58.64,63.88,35.95,68,31.4,56.06,18.53,53.17,21.4,61.79,22.08,60.22,14.42,69.95,12.94,65.35,13.04,71.98,27.7,62.72,36.13,43.58,55.24,29.53,70.45,82.39,16.84,80.9,18.48,41.41,57.07,69.95,27.78,77.33,22.42,69.35,16.41,53.81,32.42,56.71,26.51,59.84,39.97,42.12,51.64,58.64,34.51,66.71,26.64,69.4,22.65,71.64,22.14,48.96,51.04,60.54,7.45,46498,48372,50843,4,5.1,191999012,200948186,208625773,216561514,4.7,3.8,3.8,3837491,3872036,3899001,3922468,3963244,4015792,4089976,4143625,4181886,4217737,39.9,2619624,2021591,598033,35045,562988,68602,2551022,2254708,33668,4341,5069,146955,214380,84334,259275,102047,44083,99576,124714,177223,52968,135314,57097,304559,69436,204388,135281,296314,28548,11388,256378,41178,215200,14167.9,3387.9,2768,661.9,7669,1833.85
39,33.079,66.87,66.76,33.01,66.15,33.33,55.47,16.68,56.28,17.43,58.92,19.63,59.91,13.28,68.95,11.47,62.93,11.97,73.27,25.48,60.56,38.89,55.1,43.83,33.55,65.84,82.32,17.16,81.24,18,29.59,68.91,69.53,27.58,75.98,23.6,65.21,17.36,51.63,33.92,50.99,26.66,58.91,41.15,39.45,52.03,55.44,35.13,60.09,29.27,66,24.44,67.25,23.52,45.89,54.11,57.42,7.28,51614,53144,56225,3,5.8,681234571,689844386,693675632,711822173,1.3,0.6,2.6,12711160,12745815,12767118,12776309,12788313,12784826,12782275,12787641,12800922,12801989,283.9,7873779,6279312,1594467,48567,1545900,68971,7804808,7032545,19458,40914,24253,402150,605213,238922,748812,390380,105741,430389,327058,540792,147495,406385,312645,1152004,183380,518316,438238,772263,98276,34958,639029,187616,451413,48477.8,3787.1,13201,1031.27,20423,1595.45
40,37.952,62.28,65.26,35.22,69.38,29.23,57.87,16.59,59.16,14.95,62.19,17.68,62.65,11.5,70.51,12.67,64.57,12.88,74.05,25.7,66.56,33.15,51.78,49.05,31.5,69.75,83.81,16.5,81.23,18.63,37.1,61.76,69.62,28.9,75.69,24.09,68.74,15.72,55.68,30.83,56.24,24.08,61.69,38.42,42.91,49.55,59.45,33.84,64.9,27.25,70.3,22.33,70.51,22.38,48.77,51.23,63.08,6.73,50541,52379,54850,3.6,4.7,53096517,53090736,52989335,53624875,0,-0.2,1.2,1053959,1053649,1054621,1055081,1055936,1056065,1056770,1055673,1058287,1059361,1018.1,656527,516468,140059,933,139126,1418,655109,580853,NaN,NaN,1516,32681,42015,18440,57028,20837,7623,38580,31371,43764,14259,37647,34309,90516,16996,55589,35399,74256,11193,6734,56329,23504,32825,3900.9,3686,1332,1258.62,1368,1292.64
41,31.812,68.07,65.06,34.39,64.82,33.99,55.94,16.05,55.73,17.39,57.84,20.79,57.91,14.64,66.34,12.64,61.18,13.04,70.11,28.18,59.64,39.57,54.66,44.12,34.86,63.95,82.59,16.59,80.04,18.95,26.58,72.01,67.38,28.3,75.69,23.74,63.31,16.79,48.22,35.31,46.78,26.48,55.79,44.11,39.41,49.41,53.02,33.84,57.63,28.2,62.83,23.61,63.26,23.88,45.44,54.57,54.23,8.07,40404,42081,43702,4.2,3.9,189899804,195459612,201872573,207202634,2.9,3.3,2.6,4635649,4671994,4717354,4764080,4823617,4891938,4957968,5021268,5084156,5148714,153.9,2901536,2268283,633253,21108,612145,27448,2874088,2457001,12381,4009,11919,166563,267974,81605,304058,104845,34273,123180,138961,163516,29739,227816,47535,244851,62080,255710,175986,417087,35084,53366,328637,101612,227025,20351.4,4002.9,4555,895.92,9820,1931.49
42,32.748,66.91,64.06,35.7,62.65,36.72,50.52,17.55,49.73,18.36,53.94,21.51,52.74,16.53,64.85,12.9,58.78,12.53,68.65,29.47,60.7,37.42,56.28,41.58,38.22,60.27,83.2,15.84,80.24,18.75,31.11,67.78,67.97,29.26,73.28,26.05,59.66,22.6,46.75,37.56,44.46,31.19,54.85,44.9,33.9,57.06,50.75,40.44,53.08,34.71,62.52,29.79,64.45,28.21,39.91,60.1,52.39,9.29,48627,49554,52216,1.9,5.4,45442579,45685462,45618910,46490474,0.5,-0.1,1.9,816166,823579,833566,842316,849129,853988,862996,872868,878698,884659,10.7,617232,461941,155291,25648,129643,31273,585959,498876,6284,1992,2024,35806,47440,22682,66293,17959,6885,41658,27606,24239,6091,19700,10195,72615,13172,44997,31238,87083,11316,8216,67551,18683,48868,4294.8,4887.7,789,897.92,2097,2386.49
43,30.452,69.48,61.67,37.07,60.58,38.35,54.36,17.17,54.75,17.75,55.51,22.64,55.9,16.67,63.66,13.9,58.4,14.57,68.05,30.67,57.25,42.19,60.54,37.5,39.02,59.7,79.35,19.86,78.87,20.1,28.19,70.13,66.47,30.96,75.15,24.17,59.76,20.21,47.81,35.63,43.77,28.91,52.74,47.07,37.16,51.88,52.14,36.56,54.03,31.7,60.04,27.02,61.28,26.14,43.46,56.54,49.7,9.39,43726,44950,46900,2.8,4.3,301587229,308031570,313837242,323674896,2.1,1.9,3.1,6355311,6399291,6453898,6494340,6541223,6591170,6646010,6708799,6771631,6829174,153.9,4205777,3190477,1015300,64123,951177,74710,4131067,3677019,11622,7040,4036,234340,370414,133201,418037,238118,58656,199357,171192,240576,56980,314986,84472,435691,102167,336390,259744,454048,50594,20508,382946,94981,287965,27093.8,4001.1,5651,834.52,13302,1964.38
44,33.503,66.47,64,35.69,65.49,34.03,56.57,16.81,56.15,17.59,57.6,21.83,58.54,14.65,66.54,13.21,61.89,13.66,69.19,30.09,60.98,38.31,56.96,42.57,33.55,66.48,80.07,19.84,78.92,21.07,31.31,67.04,67.58,28.78,76.01,23.67,66.33,16.55,51.84,33.5,48.09,25.78,60.08,39.92,43.5,46.26,57.76,31.91,62.02,26.79,66.73,22.98,67.03,23.09,47.55,52.45,55.8,7.63,45616,47929,50355,5.1,5.1,1596361911,1600260157,1646264293,1712764025,0.2,2.9,4,25241971,25645629,26084481,26480266,26964333,27470056,27914410,28295273,28628666,28995881,96.3,18024338,13269719,4754619,223791,4530828,269410,17754928,15659657,68101,402927,56693,1250873,989115,668946,1655891,870485,263937,1112912,827037,1275230,219575,1196356,292314,1738525,319982,1383530,1067228,2095271,204813,178270,1712188,378381,1333807,153011.7,5344.7,20684,722.49,66799,2333.29
45,36.834,62.57,60.51,38.6,62.33,37.16,49.41,18.41,47.76,20.41,53.34,25.4,51.74,18.67,65.99,12.14,60.74,12.11,68.41,30.72,56.25,43.67,53.62,44.86,36.3,62.81,82.99,16.3,80.81,18.15,35.21,63.41,67.98,28.89,73.25,26.33,61.65,21.8,47.1,37.5,46.86,31.86,54.87,44.87,35.65,56.42,51.73,39.83,57.22,33.47,60.91,29.79,64.07,28.22,41.18,58.82,53.32,9.26,42375,44002,46320,3.8,5.3,141703271,147413991,153129113,158799690,4,3.9,3.7,2775332,2814384,2853375,2897640,2936879,2981835,3041868,3101042,3153550,3205958,33.6,2127017,1622060,504957,15679,489278,20654,2106363,1840989,4494,12518,4643,139455,146806,59578,217145,84343,45561,139549,122471,168041,32104,117764,71493,178052,50352,137854,108766,265374,37303,16661,211410,81984,129426,10284.9,3261.4,1708,541.62,5863,1859.19
46,39.344,60.77,67.52,33.07,71.65,27.8,54.93,16.14,56.37,15.73,63.27,17.52,62.64,11.03,72.84,11.2,66.14,11.28,76.16,23.45,67.51,32.67,49.69,51.27,29.88,70.91,86.53,13.7,83.67,16.23,38.44,60.4,71.5,26.69,76.02,23.76,69.39,14.89,55.81,30.26,57.55,23.92,62.9,37.11,40.89,52.93,58.95,34.63,65,26.94,72.78,20.67,72.53,21.26,47.68,52.32,65.02,6.23,50796,51976,54173,2.3,4.2,28906494,29362902,29406598,29750259,1.6,0.1,1.2,625879,627049,626090,626210,625214,625216,623657,624344,624358,623989,67.9,441120,329628,111492,6439,105053,9316,431804,373742,3475,1078,1410,28917,33960,10441,45752,9771,5962,14616,16835,28701,2351,19517,18944,59911,12929,36428,22744,58062,7158,3953,46951,16804,30147,30612.1,3600.9,7341,863.52,14858,1747.75
47,36.232,63.7,68.41,31.15,69.27,30.44,58.15,15.59,58.43,16.67,62.16,18.61,61.17,12.7,70.81,12.15,64.81,12.09,73.38,25.18,63.6,35.6,50.35,48.89,32.34,67.32,84.86,14.36,81.81,17.67,31.05,67.55,69.67,27.34,78.11,21.43,68.63,14.4,54.81,30.83,54.05,24.47,60.8,39.12,42.59,47.6,58.04,31.74,64.53,25.14,69.86,20.19,71.48,19.96,49.02,50.98,62.14,6.51,53605,55306,57799,3.2,4.5,454952887,456676402,464792865,477005723,0.4,1.8,2.6,8023699,8101155,8185080,8252427,8310993,8361808,8410106,8463587,8501286,8535519,202.6,5407314,4257748,1149566,37358,1112208,50786,5356528,4463632,14093,9820,11271,299266,257928,122178,491290,222982,84528,239370,246994,587144,86506,327593,113041,521113,119358,381882,327275,892896,201455,138183,553258,166630,386628,2843.7,4554.7,961,1539.22,1063,1702.59
48,41.648,58.1,66.49,33.31,71.56,27.98,55.59,17.7,52.85,21.39,62,21.28,60.55,13.74,71.26,12.07,65.89,12.08,72.7,26.47,63.46,35.67,43.67,55.41,27.89,72.31,83.42,15.69,81.96,17.28,39.19,59.14,71.23,24.16,78.27,21.37,69.89,14.89,55.32,30.1,57.55,25.15,61.68,38.09,42.94,51.17,59.97,32.84,66.41,26.23,72.21,21.22,73.12,21.11,49.53,50.47,62.8,6.37,55884,58550,62026,4.8,5.9,444318461,459754336,483773411,511672438,3.5,5.2,5.8,6742830,6826627,6897058,6963985,7054655,7163657,7294771,7423362,7523869,7614893,101.2,4647252,3686545,960707,31298,929409,85292,4561960,3896840,44799,6114,5635,280497,313187,148231,469238,195130,157878,179260,221419,348925,50499,226252,82518,497030,114345,318579,237304,665120,75860,75113,514147,152058,362089,26321.2,3498.4,4747,630.93,15470,2056.15
49,28.255,71.51,51.77,47.73,50.85,48.75,46.72,20.32,45.2,21.88,47.25,30.72,50,22.22,60.36,14.3,54.79,15.16,64.61,34.64,48.38,52.14,61.04,39.61,40.49,59.37,80.35,19.56,77.7,21.93,28.17,70.56,64.35,30.81,64.2,35.83,54.25,27.85,39.23,43.39,37.96,35.81,45.09,54.79,30.6,59.72,43.29,45.73,49.06,39.24,53.16,34.98,54.87,35.92,35.05,64.95,44.49,10.09,36931,38644,40873,4.6,5.8,69761073,68901200,69903915,71481396,-1.2,1.5,2.3,1854239,1856301,1856872,1853914,1849489,1842050,1831023,1817004,1804291,1792147,77.1,895190,725804,169386,21109,148277,22655,872535,719028,3191,28706,5383,49004,49611,22170,98583,27882,9951,27730,27473,41083,7977,45478,13442,127135,15512,71416,47301,153507,24116,8508,120883,51033,69850,22698.7,3908.6,4907,844.96,10191,1754.84
50,33.329,66.42,65.7,34.53,67.55,31.87,52.5,15.77,54.61,16.51,57.35,19.53,57.7,13.75,69.15,10.87,62.46,11.52,72.83,26.21,62.09,37.34,55.86,43.39,33.44,66.27,84.74,14.64,82.09,17.67,31.19,67.22,67.64,28.36,74.12,25.45,63.68,17.92,52.54,33.66,50.82,27.63,55.44,44.49,37.56,54.15,54.25,36.7,62.11,28.73,67.43,23.2,67.57,23.41,43.42,56.58,58.73,7.38,47550,49290,51592,3.7,4.7,287164320,290750202,294657127,301622690,1.2,1.3,2.4,5690475,5705288,5719960,5736754,5751525,5760940,5772628,5790186,5807406,5822434,105,3753460,3044352,709108,59576,649532,86560,3666900,3231180,17385,5430,9112,186792,500297,134174,368950,142672,55163,190016,137861,183234,69623,179232,70541,440044,81306,264382,194966,435720,29389,15890,390441,114977,275464,8767.9,4859.5,1714,949.96,3968,2199.21
51,32.825,66.47,50.41,48.67,49.54,50.23,42.76,20.39,40.11,23.33,44.18,32.57,45.38,23.76,60.81,12.62,54.85,12.94,63.65,35.6,47.38,53.28,61.07,38.14,43.22,54.54,81.6,18.22,79.14,21.07,33.14,65.45,66.63,30.13,64.78,35.27,54.21,28.97,38.07,45.01,38.41,37.94,46.99,52.7,29.93,61.8,43.91,46.66,48.55,39.67,52.33,35.57,56.06,35.31,34.12,65.88,43.17,10.67,54610,56377,60361,3.2,7.1,39722980,38052902,37997098,38040029,-4.2,-0.1,0.1,564487,567299,576305,582122,582531,585613,584215,578931,577601,578759,5.8,412765,297577,115188,10669,104519,14781,397984,322676,3524,25285,2525,31352,12506,9580,38090,15507,4594,20505,25349,19318,1916,14180,4199,30903,8357,36478,18508,75308,7579,6137,61592,15801,45791,4996.9,8651.2,526,910.67,2315,4007.99
